-- --------------------------------------------------------
-- Host:                         127.0.0.1
-- Versione server:              5.6.26-log - MySQL Community Server (GPL)
-- S.O. server:                  Win64
-- HeidiSQL Versione:            9.4.0.5146
-- --------------------------------------------------------

/*!40101 SET @OLD_CHARACTER_SET_CLIENT = @@CHARACTER_SET_CLIENT */;
/*!40101 SET NAMES utf8 */;
/*!50503 SET NAMES utf8mb4 */;
/*!40014 SET @OLD_FOREIGN_KEY_CHECKS = @@FOREIGN_KEY_CHECKS, FOREIGN_KEY_CHECKS = 0 */;
/*!40101 SET @OLD_SQL_MODE = @@SQL_MODE, SQL_MODE = 'NO_AUTO_VALUE_ON_ZERO' */;


-- Dump dei dati della tabella Chinook.Artist: ~275 rows (circa)
/*!40000 ALTER TABLE `Artist`
  DISABLE KEYS */;

INSERT INTO `Artist` (`ArtistId`, `Name`) VALUES
  (1, 'AC/DC'),
  (2, 'Accept'),
  (3, 'Aerosmith'),
  (4, 'Alanis Morissette'),
  (5, 'Alice In Chains'),
  (6, 'Antônio Carlos Jobim'),
  (7, 'Apocalyptica'),
  (8, 'Audioslave'),
  (9, 'BackBeat'),
  (10, 'Billy Cobham'),
  (11, 'Black Label Society'),
  (12, 'Black Sabbath'),
  (13, 'Body Count'),
  (14, 'Bruce Dickinson'),
  (15, 'Buddy Guy'),
  (16, 'Caetano Veloso'),
  (17, 'Chico Buarque'),
  (18, 'Chico Science & Nação Zumbi'),
  (19, 'Cidade Negra'),
  (20, 'Cláudio Zoli'),
  (21, 'Various Artists'),
  (22, 'Led Zeppelin'),
  (23, 'Frank Zappa & Captain Beefheart'),
  (24, 'Marcos Valle'),
  (25, 'Milton Nascimento & Bebeto'),
  (26, 'Azymuth'),
  (27, 'Gilberto Gil'),
  (28, 'João Gilberto'),
  (29, 'Bebel Gilberto'),
  (30, 'Jorge Vercilo'),
  (31, 'Baby Consuelo'),
  (32, 'Ney Matogrosso'),
  (33, 'Luiz Melodia'),
  (34, 'Nando Reis'),
  (35, 'Pedro Luís & A Parede'),
  (36, 'O Rappa'),
  (37, 'Ed Motta'),
  (38, 'Banda Black Rio'),
  (39, 'Fernanda Porto'),
  (40, 'Os Cariocas'),
  (41, 'Elis Regina'),
  (42, 'Milton Nascimento'),
  (43, 'A Cor Do Som'),
  (44, 'Kid Abelha'),
  (45, 'Sandra De Sá'),
  (46, 'Jorge Ben'),
  (47, 'Hermeto Pascoal'),
  (48, 'Barão Vermelho'),
  (49, 'Edson, DJ Marky & DJ Patife Featuring Fernanda Porto'),
  (50, 'Metallica'),
  (51, 'Queen'),
  (52, 'Kiss'),
  (53, 'Spyro Gyra'),
  (54, 'Green Day'),
  (55, 'David Coverdale'),
  (56, 'Gonzaguinha'),
  (57, 'Os Mutantes'),
  (58, 'Deep Purple'),
  (59, 'Santana'),
  (60, 'Santana Feat. Dave Matthews'),
  (61, 'Santana Feat. Everlast'),
  (62, 'Santana Feat. Rob Thomas'),
  (63, 'Santana Feat. Lauryn Hill & Cee-Lo'),
  (64, 'Santana Feat. The Project G&B'),
  (65, 'Santana Feat. Maná'),
  (66, 'Santana Feat. Eagle-Eye Cherry'),
  (67, 'Santana Feat. Eric Clapton'),
  (68, 'Miles Davis'),
  (69, 'Gene Krupa'),
  (70, 'Toquinho & Vinícius'),
  (71, 'Vinícius De Moraes & Baden Powell'),
  (72, 'Vinícius De Moraes'),
  (73, 'Vinícius E Qurteto Em Cy'),
  (74, 'Vinícius E Odette Lara'),
  (75, 'Vinicius, Toquinho & Quarteto Em Cy'),
  (76, 'Creedence Clearwater Revival'),
  (77, 'Cássia Eller'),
  (78, 'Def Leppard'),
  (79, 'Dennis Chambers'),
  (80, 'Djavan'),
  (81, 'Eric Clapton'),
  (82, 'Faith No More'),
  (83, 'Falamansa'),
  (84, 'Foo Fighters'),
  (85, 'Frank Sinatra'),
  (86, 'Funk Como Le Gusta'),
  (87, 'Godsmack'),
  (88, 'Guns N'' Roses'),
  (89, 'Incognito'),
  (90, 'Iron Maiden'),
  (91, 'James Brown'),
  (92, 'Jamiroquai'),
  (93, 'JET'),
  (94, 'Jimi Hendrix'),
  (95, 'Joe Satriani'),
  (96, 'Jota Quest'),
  (97, 'João Suplicy'),
  (98, 'Judas Priest'),
  (99, 'Legião Urbana'),
  (100, 'Lenny Kravitz'),
  (101, 'Lulu Santos'),
  (102, 'Marillion'),
  (103, 'Marisa Monte'),
  (104, 'Marvin Gaye'),
  (105, 'Men At Work'),
  (106, 'Motörhead'),
  (107, 'Motörhead & Girlschool'),
  (108, 'Mônica Marianno'),
  (109, 'Mötley Crüe'),
  (110, 'Nirvana'),
  (111, 'O Terço'),
  (112, 'Olodum'),
  (113, 'Os Paralamas Do Sucesso'),
  (114, 'Ozzy Osbourne'),
  (115, 'Page & Plant'),
  (116, 'Passengers'),
  (117, 'Paul D''Ianno'),
  (118, 'Pearl Jam'),
  (119, 'Peter Tosh'),
  (120, 'Pink Floyd'),
  (121, 'Planet Hemp'),
  (122, 'R.E.M. Feat. Kate Pearson'),
  (123, 'R.E.M. Feat. KRS-One'),
  (124, 'R.E.M.'),
  (125, 'Raimundos'),
  (126, 'Raul Seixas'),
  (127, 'Red Hot Chili Peppers'),
  (128, 'Rush'),
  (129, 'Simply Red'),
  (130, 'Skank'),
  (131, 'Smashing Pumpkins'),
  (132, 'Soundgarden'),
  (133, 'Stevie Ray Vaughan & Double Trouble'),
  (134, 'Stone Temple Pilots'),
  (135, 'System Of A Down'),
  (136, 'Terry Bozzio, Tony Levin & Steve Stevens'),
  (137, 'The Black Crowes'),
  (138, 'The Clash'),
  (139, 'The Cult'),
  (140, 'The Doors'),
  (141, 'The Police'),
  (142, 'The Rolling Stones'),
  (143, 'The Tea Party'),
  (144, 'The Who'),
  (145, 'Tim Maia'),
  (146, 'Titãs'),
  (147, 'Battlestar Galactica'),
  (148, 'Heroes'),
  (149, 'Lost'),
  (150, 'U2'),
  (151, 'UB40'),
  (152, 'Van Halen'),
  (153, 'Velvet Revolver'),
  (154, 'Whitesnake'),
  (155, 'Zeca Pagodinho'),
  (156, 'The Office'),
  (157, 'Dread Zeppelin'),
  (158, 'Battlestar Galactica (Classic)'),
  (159, 'Aquaman'),
  (160, 'Christina Aguilera featuring BigElf'),
  (161, 'Aerosmith & Sierra Leone''s Refugee Allstars'),
  (162, 'Los Lonely Boys'),
  (163, 'Corinne Bailey Rae'),
  (164, 'Dhani Harrison & Jakob Dylan'),
  (165, 'Jackson Browne'),
  (166, 'Avril Lavigne'),
  (167, 'Big & Rich'),
  (168, 'Youssou N''Dour'),
  (169, 'Black Eyed Peas'),
  (170, 'Jack Johnson'),
  (171, 'Ben Harper'),
  (172, 'Snow Patrol'),
  (173, 'Matisyahu'),
  (174, 'The Postal Service'),
  (175, 'Jaguares'),
  (176, 'The Flaming Lips'),
  (177, 'Jack''s Mannequin & Mick Fleetwood'),
  (178, 'Regina Spektor'),
  (179, 'Scorpions'),
  (180, 'House Of Pain'),
  (181, 'Xis'),
  (182, 'Nega Gizza'),
  (183, 'Gustavo & Andres Veiga & Salazar'),
  (184, 'Rodox'),
  (185, 'Charlie Brown Jr.'),
  (186, 'Pedro Luís E A Parede'),
  (187, 'Los Hermanos'),
  (188, 'Mundo Livre S/A'),
  (189, 'Otto'),
  (190, 'Instituto'),
  (191, 'Nação Zumbi'),
  (192, 'DJ Dolores & Orchestra Santa Massa'),
  (193, 'Seu Jorge'),
  (194, 'Sabotage E Instituto'),
  (195, 'Stereo Maracana'),
  (196, 'Cake'),
  (197, 'Aisha Duo'),
  (198, 'Habib Koité and Bamada'),
  (199, 'Karsh Kale'),
  (200, 'The Posies'),
  (201, 'Luciana Souza/Romero Lubambo'),
  (202, 'Aaron Goldberg'),
  (203, 'Nicolaus Esterhazy Sinfonia'),
  (204, 'Temple of the Dog'),
  (205, 'Chris Cornell'),
  (206, 'Alberto Turco & Nova Schola Gregoriana'),
  (207, 'Richard Marlow & The Choir of Trinity College, Cambridge'),
  (208, 'English Concert & Trevor Pinnock'),
  (209, 'Anne-Sophie Mutter, Herbert Von Karajan & Wiener Philharmoniker'),
  (210, 'Hilary Hahn, Jeffrey Kahane, Los Angeles Chamber Orchestra & Margaret Batjer'),
  (211, 'Wilhelm Kempff'),
  (212, 'Yo-Yo Ma'),
  (213, 'Scholars Baroque Ensemble'),
  (214, 'Academy of St. Martin in the Fields & Sir Neville Marriner'),
  (215, 'Academy of St. Martin in the Fields Chamber Ensemble & Sir Neville Marriner'),
  (216, 'Berliner Philharmoniker, Claudio Abbado & Sabine Meyer'),
  (217, 'Royal Philharmonic Orchestra & Sir Thomas Beecham'),
  (218, 'Orchestre Révolutionnaire et Romantique & John Eliot Gardiner'),
  (219, 'Britten Sinfonia, Ivor Bolton & Lesley Garrett'),
  (220, 'Chicago Symphony Chorus, Chicago Symphony Orchestra & Sir Georg Solti'),
  (221, 'Sir Georg Solti & Wiener Philharmoniker'),
  (222, 'Academy of St. Martin in the Fields, John Birch, Sir Neville Marriner & Sylvia McNair'),
  (223, 'London Symphony Orchestra & Sir Charles Mackerras'),
  (224, 'Barry Wordsworth & BBC Concert Orchestra'),
  (225, 'Herbert Von Karajan, Mirella Freni & Wiener Philharmoniker'),
  (226, 'Eugene Ormandy'),
  (227, 'Luciano Pavarotti'),
  (228, 'Leonard Bernstein & New York Philharmonic'),
  (229, 'Boston Symphony Orchestra & Seiji Ozawa'),
  (230, 'Aaron Copland & London Symphony Orchestra'),
  (231, 'Ton Koopman'),
  (232, 'Sergei Prokofiev & Yuri Temirkanov'),
  (233, 'Chicago Symphony Orchestra & Fritz Reiner'),
  (234, 'Orchestra of The Age of Enlightenment'),
  (235, 'Emanuel Ax, Eugene Ormandy & Philadelphia Orchestra'),
  (236, 'James Levine'),
  (237, 'Berliner Philharmoniker & Hans Rosbaud'),
  (238, 'Maurizio Pollini'),
  (239, 'Academy of St. Martin in the Fields, Sir Neville Marriner & William Bennett'),
  (240, 'Gustav Mahler'),
  (241, 'Felix Schmidt, London Symphony Orchestra & Rafael Frühbeck de Burgos'),
  (242, 'Edo de Waart & San Francisco Symphony'),
  (243, 'Antal Doráti & London Symphony Orchestra'),
  (244, 'Choir Of Westminster Abbey & Simon Preston'),
  (245, 'Michael Tilson Thomas & San Francisco Symphony'),
  (246, 'Chor der Wiener Staatsoper, Herbert Von Karajan & Wiener Philharmoniker'),
  (247, 'The King''s Singers'),
  (248, 'Berliner Philharmoniker & Herbert Von Karajan'),
  (249, 'Sir Georg Solti, Sumi Jo & Wiener Philharmoniker'),
  (250, 'Christopher O''Riley'),
  (251, 'Fretwork'),
  (252, 'Amy Winehouse'),
  (253, 'Calexico'),
  (254, 'Otto Klemperer & Philharmonia Orchestra'),
  (255, 'Yehudi Menuhin'),
  (256, 'Philharmonia Orchestra & Sir Neville Marriner'),
  (257, 'Academy of St. Martin in the Fields, Sir Neville Marriner & Thurston Dart'),
  (258, 'Les Arts Florissants & William Christie'),
  (259, 'The 12 Cellists of The Berlin Philharmonic'),
  (260, 'Adrian Leaper & Doreen de Feis'),
  (261, 'Roger Norrington, London Classical Players'),
  (262, 'Charles Dutoit & L''Orchestre Symphonique de Montréal'),
  (263, 'Equale Brass Ensemble, John Eliot Gardiner & Munich Monteverdi Orchestra and Choir'),
  (264, 'Kent Nagano and Orchestre de l''Opéra de Lyon'),
  (265, 'Julian Bream'),
  (266, 'Martin Roscoe'),
  (267, 'Göteborgs Symfoniker & Neeme Järvi'),
  (268, 'Itzhak Perlman'),
  (269, 'Michele Campanella'),
  (270, 'Gerald Moore'),
  (271, 'Mela Tenenbaum, Pro Musica Prague & Richard Kapp'),
  (272, 'Emerson String Quartet'),
  (273, 'C. Monteverdi, Nigel Rogers - Chiaroscuro; London Baroque; London Cornett & Sackbu'),
  (274, 'Nash Ensemble'),
  (275, 'Philip Glass Ensemble');
/*!40000 ALTER TABLE `Artist`
  ENABLE KEYS */;

-- Dump dei dati della tabella Chinook.Customer: ~59 rows (circa)
/*!40000 ALTER TABLE `Customer`
  DISABLE KEYS */;
INSERT INTO `Customer` (`CustomerId`, `FirstName`, `LastName`, `Company`, `Address`, `City`, `State`, `Country`, `PostalCode`, `Phone`, `Fax`, `Email`, `SupportRepId`)
VALUES
  (1, 'Luís', 'Gonçalves', 'Embraer - Empresa Brasileira de Aeronáutica S.A.',
      'Av. Brigadeiro Faria Lima, 2170', 'São José dos Campos', 'SP', 'Brazil', '12227-000',
      '+55 (12) 3923-5555', '+55 (12) 3923-5566', 'luisg@embraer.com.br', 3),
  (2, 'Leonie', 'Köhler', NULL, 'Theodor-Heuss-Straße 34', 'Stuttgart', NULL, 'Germany', '70174', '+49 0711 2842222', NULL, 'leonekohler@surfeu.de', 5),
  (3, 'François', 'Tremblay', NULL, '1498 rue Bélanger', 'Montréal', 'QC', 'Canada', 'H2G 1A7', '+1 (514) 721-4711', NULL, 'ftremblay@gmail.com', 3),
  (4, 'Bjørn', 'Hansen', NULL, 'Ullevålsveien 14', 'Oslo', NULL, 'Norway', '0171', '+47 22 44 22 22', NULL, 'bjorn.hansen@yahoo.no', 4),
  (5, 'František', 'Wichterlová', 'JetBrains s.r.o.', 'Klanova 9/506', 'Prague', NULL, 'Czech Republic', '14700', '+420 2 4172 5555', '+420 2 4172 5555', 'frantisekw@jetbrains.com', 4),
  (6, 'Helena', 'Holý', NULL, 'Rilská 3174/6', 'Prague', NULL, 'Czech Republic', '14300', '+420 2 4177 0449', NULL, 'hholy@gmail.com', 5),
  (7, 'Astrid', 'Gruber', NULL, 'Rotenturmstraße 4, 1010 Innere Stadt', 'Vienne', NULL, 'Austria', '1010', '+43 01 5134505', NULL, 'astrid.gruber@apple.at', 5),
  (8, 'Daan', 'Peeters', NULL, 'Grétrystraat 63', 'Brussels', NULL, 'Belgium', '1000', '+32 02 219 03 03', NULL, 'daan_peeters@apple.be', 4),
  (9, 'Kara', 'Nielsen', NULL, 'Sønder Boulevard 51', 'Copenhagen', NULL, 'Denmark', '1720', '+453 3331 9991', NULL, 'kara.nielsen@jubii.dk', 4),
  (10, 'Eduardo', 'Martins', 'Woodstock Discos', 'Rua Dr. Falcão Filho, 155', 'São Paulo', 'SP', 'Brazil', '01007-010', '+55 (11) 3033-5446', '+55 (11) 3033-4564', 'eduardo@woodstock.com.br', 4),
  (11, 'Alexandre', 'Rocha', 'Banco do Brasil S.A.', 'Av. Paulista, 2022', 'São Paulo', 'SP', 'Brazil', '01310-200', '+55 (11) 3055-3278', '+55 (11) 3055-8131', 'alero@uol.com.br', 5),
  (12, 'Roberto', 'Almeida', 'Riotur', 'Praça Pio X, 119', 'Rio de Janeiro', 'RJ', 'Brazil', '20040-020', '+55 (21) 2271-7000', '+55 (21) 2271-7070', 'roberto.almeida@riotur.gov.br', 3),
  (13, 'Fernanda', 'Ramos', NULL, 'Qe 7 Bloco G', 'Brasília', 'DF', 'Brazil', '71020-677', '+55 (61) 3363-5547', '+55 (61) 3363-7855', 'fernadaramos4@uol.com.br', 4),
  (14, 'Mark', 'Philips', 'Telus', '8210 111 ST NW', 'Edmonton', 'AB', 'Canada', 'T6G 2C7', '+1 (780) 434-4554', '+1 (780) 434-5565', 'mphilips12@shaw.ca', 5),
  (15, 'Jennifer', 'Peterson', 'Rogers Canada', '700 W Pender Street', 'Vancouver', 'BC', 'Canada', 'V6C 1G8', '+1 (604) 688-2255', '+1 (604) 688-8756', 'jenniferp@rogers.ca', 3),
  (16, 'Frank', 'Harris', 'Google Inc.', '1600 Amphitheatre Parkway', 'Mountain View', 'CA', 'USA', '94043-1351', '+1 (650) 253-0000', '+1 (650) 253-0000', 'fharris@google.com', 4),
  (17, 'Jack', 'Smith', 'Microsoft Corporation', '1 Microsoft Way', 'Redmond', 'WA', 'USA', '98052-8300', '+1 (425) 882-8080', '+1 (425) 882-8081', 'jacksmith@microsoft.com', 5),
  (18, 'Michelle', 'Brooks', NULL, '627 Broadway', 'New York', 'NY', 'USA', '10012-2612', '+1 (212) 221-3546', '+1 (212) 221-4679', 'michelleb@aol.com', 3),
  (19, 'Tim', 'Goyer', 'Apple Inc.', '1 Infinite Loop', 'Cupertino', 'CA', 'USA', '95014', '+1 (408) 996-1010', '+1 (408) 996-1011', 'tgoyer@apple.com', 3),
  (20, 'Dan', 'Miller', NULL, '541 Del Medio Avenue', 'Mountain View', 'CA', 'USA', '94040-111', '+1 (650) 644-3358', NULL, 'dmiller@comcast.com', 4),
  (21, 'Kathy', 'Chase', NULL, '801 W 4th Street', 'Reno', 'NV', 'USA', '89503', '+1 (775) 223-7665', NULL, 'kachase@hotmail.com', 5),
  (22, 'Heather', 'Leacock', NULL, '120 S Orange Ave', 'Orlando', 'FL', 'USA', '32801', '+1 (407) 999-7788', NULL, 'hleacock@gmail.com', 4),
  (23, 'John', 'Gordon', NULL, '69 Salem Street', 'Boston', 'MA', 'USA', '2113', '+1 (617) 522-1333', NULL, 'johngordon22@yahoo.com', 4),
  (24, 'Frank', 'Ralston', NULL, '162 E Superior Street', 'Chicago', 'IL', 'USA', '60611', '+1 (312) 332-3232', NULL, 'fralston@gmail.com', 3),
  (25, 'Victor', 'Stevens', NULL, '319 N. Frances Street', 'Madison', 'WI', 'USA', '53703', '+1 (608) 257-0597', NULL, 'vstevens@yahoo.com', 5),
  (26, 'Richard', 'Cunningham', NULL, '2211 W Berry Street', 'Fort Worth', 'TX', 'USA', '76110', '+1 (817) 924-7272', NULL, 'ricunningham@hotmail.com', 4),
  (27, 'Patrick', 'Gray', NULL, '1033 N Park Ave', 'Tucson', 'AZ', 'USA', '85719', '+1 (520) 622-4200', NULL, 'patrick.gray@aol.com', 4),
  (28, 'Julia', 'Barnett', NULL, '302 S 700 E', 'Salt Lake City', 'UT', 'USA', '84102', '+1 (801) 531-7272', NULL, 'jubarnett@gmail.com', 5),
  (29, 'Robert', 'Brown', NULL, '796 Dundas Street West', 'Toronto', 'ON', 'Canada', 'M6J 1V1', '+1 (416) 363-8888', NULL, 'robbrown@shaw.ca', 3),
  (30, 'Edward', 'Francis', NULL, '230 Elgin Street', 'Ottawa', 'ON', 'Canada', 'K2P 1L7', '+1 (613) 234-3322', NULL, 'edfrancis@yachoo.ca', 3),
  (31, 'Martha', 'Silk', NULL, '194A Chain Lake Drive', 'Halifax', 'NS', 'Canada', 'B3S 1C5', '+1 (902) 450-0450', NULL, 'marthasilk@gmail.com', 5),
  (32, 'Aaron', 'Mitchell', NULL, '696 Osborne Street', 'Winnipeg', 'MB', 'Canada', 'R3L 2B9', '+1 (204) 452-6452', NULL, 'aaronmitchell@yahoo.ca', 4),
  (33, 'Ellie', 'Sullivan', NULL, '5112 48 Street', 'Yellowknife', 'NT', 'Canada', 'X1A 1N6', '+1 (867) 920-2233', NULL, 'ellie.sullivan@shaw.ca', 3),
  (34, 'João', 'Fernandes', NULL, 'Rua da Assunção 53', 'Lisbon', NULL, 'Portugal', NULL, '+351 (213) 466-111', NULL, 'jfernandes@yahoo.pt', 4),
  (35, 'Madalena', 'Sampaio', NULL, 'Rua dos Campeões Europeus de Viena, 4350', 'Porto', NULL, 'Portugal', NULL, '+351 (225) 022-448', NULL, 'masampaio@sapo.pt', 4),
  (36, 'Hannah', 'Schneider', NULL, 'Tauentzienstraße 8', 'Berlin', NULL, 'Germany', '10789', '+49 030 26550280', NULL, 'hannah.schneider@yahoo.de', 5),
  (37, 'Fynn', 'Zimmermann', NULL, 'Berger Straße 10', 'Frankfurt', NULL, 'Germany', '60316', '+49 069 40598889', NULL, 'fzimmermann@yahoo.de', 3),
  (38, 'Niklas', 'Schröder', NULL, 'Barbarossastraße 19', 'Berlin', NULL, 'Germany', '10779', '+49 030 2141444', NULL, 'nschroder@surfeu.de', 3),
  (39, 'Camille', 'Bernard', NULL, '4, Rue Milton', 'Paris', NULL, 'France', '75009', '+33 01 49 70 65 65', NULL, 'camille.bernard@yahoo.fr', 4),
  (40, 'Dominique', 'Lefebvre', NULL, '8, Rue Hanovre', 'Paris', NULL, 'France', '75002', '+33 01 47 42 71 71', NULL, 'dominiquelefebvre@gmail.com', 4),
  (41, 'Marc', 'Dubois', NULL, '11, Place Bellecour', 'Lyon', NULL, 'France', '69002', '+33 04 78 30 30 30', NULL, 'marc.dubois@hotmail.com', 5),
  (42, 'Wyatt', 'Girard', NULL, '9, Place Louis Barthou', 'Bordeaux', NULL, 'France', '33000', '+33 05 56 96 96 96', NULL, 'wyatt.girard@yahoo.fr', 3),
  (43, 'Isabelle', 'Mercier', NULL, '68, Rue Jouvence', 'Dijon', NULL, 'France', '21000', '+33 03 80 73 66 99', NULL, 'isabelle_mercier@apple.fr', 3),
  (44, 'Terhi', 'Hämäläinen', NULL, 'Porthaninkatu 9', 'Helsinki', NULL, 'Finland', '00530', '+358 09 870 2000', NULL, 'terhi.hamalainen@apple.fi', 3),
  (45, 'Ladislav', 'Kovács', NULL, 'Erzsébet krt. 58.', 'Budapest', NULL, 'Hungary', 'H-1073', NULL, NULL, 'ladislav_kovacs@apple.hu', 3),
  (46, 'Hugh', 'O''Reilly', NULL, '3 Chatham Street', 'Dublin', 'Dublin', 'Ireland', NULL, '+353 01 6792424', NULL, 'hughoreilly@apple.ie', 3),
  (47, 'Lucas', 'Mancini', NULL, 'Via Degli Scipioni, 43', 'Rome', 'RM', 'Italy', '00192', '+39 06 39733434', NULL, 'lucas.mancini@yahoo.it', 5),
  (48, 'Johannes', 'Van der Berg', NULL, 'Lijnbaansgracht 120bg', 'Amsterdam', 'VV', 'Netherlands', '1016', '+31 020 6223130', NULL, 'johavanderberg@yahoo.nl', 5),
  (49, 'Stanisław', 'Wójcik', NULL, 'Ordynacka 10', 'Warsaw', NULL, 'Poland', '00-358', '+48 22 828 37 39', NULL, 'stanisław.wójcik@wp.pl', 4),
  (50, 'Enrique', 'Muñoz', NULL, 'C/ San Bernardo 85', 'Madrid', NULL, 'Spain', '28015', '+34 914 454 454', NULL, 'enrique_munoz@yahoo.es', 5),
  (51, 'Joakim', 'Johansson', NULL, 'Celsiusg. 9', 'Stockholm', NULL, 'Sweden', '11230', '+46 08-651 52 52', NULL, 'joakim.johansson@yahoo.se', 5),
  (52, 'Emma', 'Jones', NULL, '202 Hoxton Street', 'London', NULL, 'United Kingdom', 'N1 5LH',
       '+44 020 7707 0707', NULL, 'emma_jones@hotmail.com', 3),
  (53, 'Phil', 'Hughes', NULL, '113 Lupus St', 'London', NULL, 'United Kingdom', 'SW1V 3EN',
       '+44 020 7976 5722', NULL, 'phil.hughes@gmail.com', 3),
  (54, 'Steve', 'Murray', NULL, '110 Raeburn Pl', 'Edinburgh ', NULL, 'United Kingdom', 'EH4 1HH',
       '+44 0131 315 3300', NULL, 'steve.murray@yahoo.uk', 5),
  (55, 'Mark', 'Taylor', NULL, '421 Bourke Street', 'Sidney', 'NSW', 'Australia', '2010',
       '+61 (02) 9332 3633', NULL, 'mark.taylor@yahoo.au', 4),
  (56, 'Diego', 'Gutiérrez', NULL, '307 Macacha Güemes', 'Buenos Aires', NULL, 'Argentina', '1106',
       '+54 (0)11 4311 4333', NULL, 'diego.gutierrez@yahoo.ar', 4),
  (57, 'Luis', 'Rojas', NULL, 'Calle Lira, 198', 'Santiago', NULL, 'Chile', NULL,
       '+56 (0)2 635 4444', NULL, 'luisrojas@yahoo.cl', 5),
  (58, 'Manoj', 'Pareek', NULL, '12,Community Centre', 'Delhi', NULL, 'India', '110017',
       '+91 0124 39883988', NULL, 'manoj.pareek@rediff.com', 3),
  (59, 'Puja', 'Srivastava', NULL, '3,Raj Bhavan Road', 'Bangalore', NULL, 'India', '560001',
       '+91 080 22289999', NULL, 'puja_srivastava@yahoo.in', 3);
/*!40000 ALTER TABLE `Customer`
  ENABLE KEYS */;

-- Dump dei dati della tabella Chinook.Employee: ~8 rows (circa)
/*!40000 ALTER TABLE `Employee`
  DISABLE KEYS */;
INSERT INTO `Employee` (`EmployeeId`, `LastName`, `FirstName`, `Title`, `ReportsTo`, `BirthDate`, `HireDate`, `Address`, `City`, `State`, `Country`, `PostalCode`, `Phone`, `Fax`, `Email`)
VALUES
  (1, 'Adams', 'Andrew', 'General Manager', NULL, '1962-02-18 00:00:00', '2002-08-14 00:00:00',
      '11120 Jasper Ave NW', 'Edmonton', 'AB', 'Canada', 'T5K 2N1', '+1 (780) 428-9482',
   '+1 (780) 428-3457', 'andrew@chinookcorp.com'),
  (2, 'Edwards', 'Nancy', 'Sales Manager', 1, '1958-12-08 00:00:00', '2002-05-01 00:00:00',
      '825 8 Ave SW', 'Calgary', 'AB', 'Canada', 'T2P 2T3', '+1 (403) 262-3443',
   '+1 (403) 262-3322', 'nancy@chinookcorp.com'),
  (3, 'Peacock', 'Jane', 'Sales Support Agent', 2, '1973-08-29 00:00:00', '2002-04-01 00:00:00',
      '1111 6 Ave SW', 'Calgary', 'AB', 'Canada', 'T2P 5M5', '+1 (403) 262-3443',
   '+1 (403) 262-6712', 'jane@chinookcorp.com'),
  (4, 'Park', 'Margaret', 'Sales Support Agent', 2, '1947-09-19 00:00:00', '2003-05-03 00:00:00',
      '683 10 Street SW', 'Calgary', 'AB', 'Canada', 'T2P 5G3', '+1 (403) 263-4423',
   '+1 (403) 263-4289', 'margaret@chinookcorp.com'),
  (5, 'Johnson', 'Steve', 'Sales Support Agent', 2, '1965-03-03 00:00:00', '2003-10-17 00:00:00',
      '7727B 41 Ave', 'Calgary', 'AB', 'Canada', 'T3B 1Y7', '1 (780) 836-9987', '1 (780) 836-9543',
   'steve@chinookcorp.com'),
  (6, 'Mitchell', 'Michael', 'IT Manager', 1, '1973-07-01 00:00:00', '2003-10-17 00:00:00',
      '5827 Bowness Road NW', 'Calgary', 'AB', 'Canada', 'T3B 0C5', '+1 (403) 246-9887',
   '+1 (403) 246-9899', 'michael@chinookcorp.com'),
  (7, 'King', 'Robert', 'IT Staff', 6, '1970-05-29 00:00:00', '2004-01-02 00:00:00',
      '590 Columbia Boulevard West', 'Lethbridge', 'AB', 'Canada', 'T1K 5N8', '+1 (403) 456-9986',
   '+1 (403) 456-8485', 'robert@chinookcorp.com'),
  (8, 'Callahan', 'Laura', 'IT Staff', 6, '1968-01-09 00:00:00', '2004-03-04 00:00:00',
      '923 7 ST NW', 'Lethbridge', 'AB', 'Canada', 'T1H 1Y8', '+1 (403) 467-3351',
   '+1 (403) 467-8772', 'laura@chinookcorp.com');
/*!40000 ALTER TABLE `Employee`
  ENABLE KEYS */;

-- Dump dei dati della tabella Chinook.Genre: ~25 rows (circa)
/*!40000 ALTER TABLE `Genre`
  DISABLE KEYS */;
INSERT INTO `Genre` (`GenreId`, `Name`) VALUES
  (1, 'Rock'),
  (2, 'Jazz'),
  (3, 'Metal'),
  (4, 'Alternative & Punk'),
  (5, 'Rock And Roll'),
  (6, 'Blues'),
  (7, 'Latin'),
  (8, 'Reggae'),
  (9, 'Pop'),
  (10, 'Soundtrack'),
  (11, 'Bossa Nova'),
  (12, 'Easy Listening'),
  (13, 'Heavy Metal'),
  (14, 'R&B/Soul'),
  (15, 'Electronica/Dance'),
  (16, 'World'),
  (17, 'Hip Hop/Rap'),
  (18, 'Science Fiction'),
  (19, 'TV Shows'),
  (20, 'Sci Fi & Fantasy'),
  (21, 'Drama'),
  (22, 'Comedy'),
  (23, 'Alternative'),
  (24, 'Classical'),
  (25, 'Opera');
/*!40000 ALTER TABLE `Genre`
  ENABLE KEYS */;

-- Dump dei dati della tabella Chinook.Invoice: ~412 rows (circa)
/*!40000 ALTER TABLE `Invoice`
  DISABLE KEYS */;
INSERT INTO `Invoice` (`InvoiceId`, `CustomerId`, `InvoiceDate`, `BillingAddress`, `BillingCity`, `BillingState`, `BillingCountry`, `BillingPostalCode`, `Total`)
VALUES
  (1, 2, '2009-01-01 00:00:00', 'Theodor-Heuss-Straße 34', 'Stuttgart', NULL, 'Germany', '70174',
   1.98),
  (2, 4, '2009-01-02 00:00:00', 'Ullevålsveien 14', 'Oslo', NULL, 'Norway', '0171', 3.96),
  (3, 8, '2009-01-03 00:00:00', 'Grétrystraat 63', 'Brussels', NULL, 'Belgium', '1000', 5.94),
  (4, 14, '2009-01-06 00:00:00', '8210 111 ST NW', 'Edmonton', 'AB', 'Canada', 'T6G 2C7', 8.91),
  (5, 23, '2009-01-11 00:00:00', '69 Salem Street', 'Boston', 'MA', 'USA', '2113', 13.86),
  (6, 37, '2009-01-19 00:00:00', 'Berger Straße 10', 'Frankfurt', NULL, 'Germany', '60316', 0.99),
  (7, 38, '2009-02-01 00:00:00', 'Barbarossastraße 19', 'Berlin', NULL, 'Germany', '10779', 1.98),
  (8, 40, '2009-02-01 00:00:00', '8, Rue Hanovre', 'Paris', NULL, 'France', '75002', 1.98),
  (9, 42, '2009-02-02 00:00:00', '9, Place Louis Barthou', 'Bordeaux', NULL, 'France', '33000', 3.96),
  (10, 46, '2009-02-03 00:00:00', '3 Chatham Street', 'Dublin', 'Dublin', 'Ireland', NULL, 5.94),
  (11, 52, '2009-02-06 00:00:00', '202 Hoxton Street', 'London', NULL, 'United Kingdom', 'N1 5LH', 8.91),
  (12, 2, '2009-02-11 00:00:00', 'Theodor-Heuss-Straße 34', 'Stuttgart', NULL, 'Germany', '70174', 13.86),
  (13, 16, '2009-02-19 00:00:00', '1600 Amphitheatre Parkway', 'Mountain View', 'CA', 'USA', '94043-1351', 0.99),
  (14, 17, '2009-03-04 00:00:00', '1 Microsoft Way', 'Redmond', 'WA', 'USA', '98052-8300', 1.98),
  (15, 19, '2009-03-04 00:00:00', '1 Infinite Loop', 'Cupertino', 'CA', 'USA', '95014', 1.98),
  (16, 21, '2009-03-05 00:00:00', '801 W 4th Street', 'Reno', 'NV', 'USA', '89503', 3.96),
  (17, 25, '2009-03-06 00:00:00', '319 N. Frances Street', 'Madison', 'WI', 'USA', '53703', 5.94),
  (18, 31, '2009-03-09 00:00:00', '194A Chain Lake Drive', 'Halifax', 'NS', 'Canada', 'B3S 1C5', 8.91),
  (19, 40, '2009-03-14 00:00:00', '8, Rue Hanovre', 'Paris', NULL, 'France', '75002', 13.86),
  (20, 54, '2009-03-22 00:00:00', '110 Raeburn Pl', 'Edinburgh ', NULL, 'United Kingdom', 'EH4 1HH', 0.99),
  (21, 55, '2009-04-04 00:00:00', '421 Bourke Street', 'Sidney', 'NSW', 'Australia', '2010', 1.98),
  (22, 57, '2009-04-04 00:00:00', 'Calle Lira, 198', 'Santiago', NULL, 'Chile', NULL, 1.98),
  (23, 59, '2009-04-05 00:00:00', '3,Raj Bhavan Road', 'Bangalore', NULL, 'India', '560001', 3.96),
  (24, 4, '2009-04-06 00:00:00', 'Ullevålsveien 14', 'Oslo', NULL, 'Norway', '0171', 5.94),
  (25, 10, '2009-04-09 00:00:00', 'Rua Dr. Falcão Filho, 155', 'São Paulo', 'SP', 'Brazil', '01007-010', 8.91),
  (26, 19, '2009-04-14 00:00:00', '1 Infinite Loop', 'Cupertino', 'CA', 'USA', '95014', 13.86),
  (27, 33, '2009-04-22 00:00:00', '5112 48 Street', 'Yellowknife', 'NT', 'Canada', 'X1A 1N6', 0.99),
  (28, 34, '2009-05-05 00:00:00', 'Rua da Assunção 53', 'Lisbon', NULL, 'Portugal', NULL, 1.98),
  (29, 36, '2009-05-05 00:00:00', 'Tauentzienstraße 8', 'Berlin', NULL, 'Germany', '10789', 1.98),
  (30, 38, '2009-05-06 00:00:00', 'Barbarossastraße 19', 'Berlin', NULL, 'Germany', '10779', 3.96),
  (31, 42, '2009-05-07 00:00:00', '9, Place Louis Barthou', 'Bordeaux', NULL, 'France', '33000', 5.94),
  (32, 48, '2009-05-10 00:00:00', 'Lijnbaansgracht 120bg', 'Amsterdam', 'VV', 'Netherlands', '1016', 8.91),
  (33, 57, '2009-05-15 00:00:00', 'Calle Lira, 198', 'Santiago', NULL, 'Chile', NULL, 13.86),
  (34, 12, '2009-05-23 00:00:00', 'Praça Pio X, 119', 'Rio de Janeiro', 'RJ', 'Brazil', '20040-020', 0.99),
  (35, 13, '2009-06-05 00:00:00', 'Qe 7 Bloco G', 'Brasília', 'DF', 'Brazil', '71020-677', 1.98),
  (36, 15, '2009-06-05 00:00:00', '700 W Pender Street', 'Vancouver', 'BC', 'Canada', 'V6C 1G8', 1.98),
  (37, 17, '2009-06-06 00:00:00', '1 Microsoft Way', 'Redmond', 'WA', 'USA', '98052-8300', 3.96),
  (38, 21, '2009-06-07 00:00:00', '801 W 4th Street', 'Reno', 'NV', 'USA', '89503', 5.94),
  (39, 27, '2009-06-10 00:00:00', '1033 N Park Ave', 'Tucson', 'AZ', 'USA', '85719', 8.91),
  (40, 36, '2009-06-15 00:00:00', 'Tauentzienstraße 8', 'Berlin', NULL, 'Germany', '10789', 13.86),
  (41, 50, '2009-06-23 00:00:00', 'C/ San Bernardo 85', 'Madrid', NULL, 'Spain', '28015', 0.99),
  (42, 51, '2009-07-06 00:00:00', 'Celsiusg. 9', 'Stockholm', NULL, 'Sweden', '11230', 1.98),
  (43, 53, '2009-07-06 00:00:00', '113 Lupus St', 'London', NULL, 'United Kingdom', 'SW1V 3EN', 1.98),
  (44, 55, '2009-07-07 00:00:00', '421 Bourke Street', 'Sidney', 'NSW', 'Australia', '2010', 3.96),
  (45, 59, '2009-07-08 00:00:00', '3,Raj Bhavan Road', 'Bangalore', NULL, 'India', '560001', 5.94),
  (46, 6, '2009-07-11 00:00:00', 'Rilská 3174/6', 'Prague', NULL, 'Czech Republic', '14300', 8.91),
  (47, 15, '2009-07-16 00:00:00', '700 W Pender Street', 'Vancouver', 'BC', 'Canada', 'V6C 1G8', 13.86),
  (48, 29, '2009-07-24 00:00:00', '796 Dundas Street West', 'Toronto', 'ON', 'Canada', 'M6J 1V1', 0.99),
  (49, 30, '2009-08-06 00:00:00', '230 Elgin Street', 'Ottawa', 'ON', 'Canada', 'K2P 1L7', 1.98),
  (50, 32, '2009-08-06 00:00:00', '696 Osborne Street', 'Winnipeg', 'MB', 'Canada', 'R3L 2B9', 1.98),
  (51, 34, '2009-08-07 00:00:00', 'Rua da Assunção 53', 'Lisbon', NULL, 'Portugal', NULL, 3.96),
  (52, 38, '2009-08-08 00:00:00', 'Barbarossastraße 19', 'Berlin', NULL, 'Germany', '10779', 5.94),
  (53, 44, '2009-08-11 00:00:00', 'Porthaninkatu 9', 'Helsinki', NULL, 'Finland', '00530', 8.91),
  (54, 53, '2009-08-16 00:00:00', '113 Lupus St', 'London', NULL, 'United Kingdom', 'SW1V 3EN', 13.86),
  (55, 8, '2009-08-24 00:00:00', 'Grétrystraat 63', 'Brussels', NULL, 'Belgium', '1000', 0.99),
  (56, 9, '2009-09-06 00:00:00', 'Sønder Boulevard 51', 'Copenhagen', NULL, 'Denmark', '1720', 1.98),
  (57, 11, '2009-09-06 00:00:00', 'Av. Paulista, 2022', 'São Paulo', 'SP', 'Brazil', '01310-200', 1.98),
  (58, 13, '2009-09-07 00:00:00', 'Qe 7 Bloco G', 'Brasília', 'DF', 'Brazil', '71020-677', 3.96),
  (59, 17, '2009-09-08 00:00:00', '1 Microsoft Way', 'Redmond', 'WA', 'USA', '98052-8300', 5.94),
  (60, 23, '2009-09-11 00:00:00', '69 Salem Street', 'Boston', 'MA', 'USA', '2113', 8.91),
  (61, 32, '2009-09-16 00:00:00', '696 Osborne Street', 'Winnipeg', 'MB', 'Canada', 'R3L 2B9', 13.86),
  (62, 46, '2009-09-24 00:00:00', '3 Chatham Street', 'Dublin', 'Dublin', 'Ireland', NULL, 0.99),
  (63, 47, '2009-10-07 00:00:00', 'Via Degli Scipioni, 43', 'Rome', 'RM', 'Italy', '00192', 1.98),
  (64, 49, '2009-10-07 00:00:00', 'Ordynacka 10', 'Warsaw', NULL, 'Poland', '00-358', 1.98),
  (65, 51, '2009-10-08 00:00:00', 'Celsiusg. 9', 'Stockholm', NULL, 'Sweden', '11230', 3.96),
  (66, 55, '2009-10-09 00:00:00', '421 Bourke Street', 'Sidney', 'NSW', 'Australia', '2010', 5.94),
  (67, 2, '2009-10-12 00:00:00', 'Theodor-Heuss-Straße 34', 'Stuttgart', NULL, 'Germany', '70174', 8.91),
  (68, 11, '2009-10-17 00:00:00', 'Av. Paulista, 2022', 'São Paulo', 'SP', 'Brazil', '01310-200', 13.86),
  (69, 25, '2009-10-25 00:00:00', '319 N. Frances Street', 'Madison', 'WI', 'USA', '53703', 0.99),
  (70, 26, '2009-11-07 00:00:00', '2211 W Berry Street', 'Fort Worth', 'TX', 'USA', '76110', 1.98),
  (71, 28, '2009-11-07 00:00:00', '302 S 700 E', 'Salt Lake City', 'UT', 'USA', '84102', 1.98),
  (72, 30, '2009-11-08 00:00:00', '230 Elgin Street', 'Ottawa', 'ON', 'Canada', 'K2P 1L7', 3.96),
  (73, 34, '2009-11-09 00:00:00', 'Rua da Assunção 53', 'Lisbon', NULL, 'Portugal', NULL, 5.94),
  (74, 40, '2009-11-12 00:00:00', '8, Rue Hanovre', 'Paris', NULL, 'France', '75002', 8.91),
  (75, 49, '2009-11-17 00:00:00', 'Ordynacka 10', 'Warsaw', NULL, 'Poland', '00-358', 13.86),
  (76, 4, '2009-11-25 00:00:00', 'Ullevålsveien 14', 'Oslo', NULL, 'Norway', '0171', 0.99),
  (77, 5, '2009-12-08 00:00:00', 'Klanova 9/506', 'Prague', NULL, 'Czech Republic', '14700', 1.98),
  (78, 7, '2009-12-08 00:00:00', 'Rotenturmstraße 4, 1010 Innere Stadt', 'Vienne', NULL, 'Austria', '1010', 1.98),
  (79, 9, '2009-12-09 00:00:00', 'Sønder Boulevard 51', 'Copenhagen', NULL, 'Denmark', '1720', 3.96),
  (80, 13, '2009-12-10 00:00:00', 'Qe 7 Bloco G', 'Brasília', 'DF', 'Brazil', '71020-677', 5.94),
  (81, 19, '2009-12-13 00:00:00', '1 Infinite Loop', 'Cupertino', 'CA', 'USA', '95014', 8.91),
  (82, 28, '2009-12-18 00:00:00', '302 S 700 E', 'Salt Lake City', 'UT', 'USA', '84102', 13.86),
  (83, 42, '2009-12-26 00:00:00', '9, Place Louis Barthou', 'Bordeaux', NULL, 'France', '33000', 0.99),
  (84, 43, '2010-01-08 00:00:00', '68, Rue Jouvence', 'Dijon', NULL, 'France', '21000', 1.98),
  (85, 45, '2010-01-08 00:00:00', 'Erzsébet krt. 58.', 'Budapest', NULL, 'Hungary', 'H-1073', 1.98),
  (86, 47, '2010-01-09 00:00:00', 'Via Degli Scipioni, 43', 'Rome', 'RM', 'Italy', '00192', 3.96),
  (87, 51, '2010-01-10 00:00:00', 'Celsiusg. 9', 'Stockholm', NULL, 'Sweden', '11230', 6.94),
  (88, 57, '2010-01-13 00:00:00', 'Calle Lira, 198', 'Santiago', NULL, 'Chile', NULL, 17.91),
  (89, 7, '2010-01-18 00:00:00', 'Rotenturmstraße 4, 1010 Innere Stadt', 'Vienne', NULL, 'Austria', '1010', 18.86),
  (90, 21, '2010-01-26 00:00:00', '801 W 4th Street', 'Reno', 'NV', 'USA', '89503', 0.99),
  (91, 22, '2010-02-08 00:00:00', '120 S Orange Ave', 'Orlando', 'FL', 'USA', '32801', 1.98),
  (92, 24, '2010-02-08 00:00:00', '162 E Superior Street', 'Chicago', 'IL', 'USA', '60611', 1.98),
  (93, 26, '2010-02-09 00:00:00', '2211 W Berry Street', 'Fort Worth', 'TX', 'USA', '76110', 3.96),
  (94, 30, '2010-02-10 00:00:00', '230 Elgin Street', 'Ottawa', 'ON', 'Canada', 'K2P 1L7', 5.94),
  (95, 36, '2010-02-13 00:00:00', 'Tauentzienstraße 8', 'Berlin', NULL, 'Germany', '10789', 8.91),
  (96, 45, '2010-02-18 00:00:00', 'Erzsébet krt. 58.', 'Budapest', NULL, 'Hungary', 'H-1073', 21.86),
  (97, 59, '2010-02-26 00:00:00', '3,Raj Bhavan Road', 'Bangalore', NULL, 'India', '560001', 1.99),
  (98, 1, '2010-03-11 00:00:00', 'Av. Brigadeiro Faria Lima, 2170', 'São José dos Campos', 'SP', 'Brazil', '12227-000', 3.98),
  (99, 3, '2010-03-11 00:00:00', '1498 rue Bélanger', 'Montréal', 'QC', 'Canada', 'H2G 1A7', 3.98),
  (100, 5, '2010-03-12 00:00:00', 'Klanova 9/506', 'Prague', NULL, 'Czech Republic', '14700', 3.96),
  (101, 9, '2010-03-13 00:00:00', 'Sønder Boulevard 51', 'Copenhagen', NULL, 'Denmark', '1720', 5.94),
  (102, 15, '2010-03-16 00:00:00', '700 W Pender Street', 'Vancouver', 'BC', 'Canada', 'V6C 1G8', 9.91),
  (103, 24, '2010-03-21 00:00:00', '162 E Superior Street', 'Chicago', 'IL', 'USA', '60611', 15.86),
  (104, 38, '2010-03-29 00:00:00', 'Barbarossastraße 19', 'Berlin', NULL, 'Germany', '10779', 0.99),
  (105, 39, '2010-04-11 00:00:00', '4, Rue Milton', 'Paris', NULL, 'France', '75009', 1.98),
  (106, 41, '2010-04-11 00:00:00', '11, Place Bellecour', 'Lyon', NULL, 'France', '69002', 1.98),
  (107, 43, '2010-04-12 00:00:00', '68, Rue Jouvence', 'Dijon', NULL, 'France', '21000', 3.96),
  (108, 47, '2010-04-13 00:00:00', 'Via Degli Scipioni, 43', 'Rome', 'RM', 'Italy', '00192', 5.94),
  (109, 53, '2010-04-16 00:00:00', '113 Lupus St', 'London', NULL, 'United Kingdom', 'SW1V 3EN', 8.91),
  (110, 3, '2010-04-21 00:00:00', '1498 rue Bélanger', 'Montréal', 'QC', 'Canada', 'H2G 1A7', 13.86),
  (111, 17, '2010-04-29 00:00:00', '1 Microsoft Way', 'Redmond', 'WA', 'USA', '98052-8300', 0.99),
  (112, 18, '2010-05-12 00:00:00', '627 Broadway', 'New York', 'NY', 'USA', '10012-2612', 1.98),
  (113, 20, '2010-05-12 00:00:00', '541 Del Medio Avenue', 'Mountain View', 'CA', 'USA', '94040-111', 1.98),
  (114, 22, '2010-05-13 00:00:00', '120 S Orange Ave', 'Orlando', 'FL', 'USA', '32801', 3.96),
  (115, 26, '2010-05-14 00:00:00', '2211 W Berry Street', 'Fort Worth', 'TX', 'USA', '76110', 5.94),
  (116, 32, '2010-05-17 00:00:00', '696 Osborne Street', 'Winnipeg', 'MB', 'Canada', 'R3L 2B9', 8.91),
  (117, 41, '2010-05-22 00:00:00', '11, Place Bellecour', 'Lyon', NULL, 'France', '69002', 13.86),
  (118, 55, '2010-05-30 00:00:00', '421 Bourke Street', 'Sidney', 'NSW', 'Australia', '2010', 0.99),
  (119, 56, '2010-06-12 00:00:00', '307 Macacha Güemes', 'Buenos Aires', NULL, 'Argentina', '1106', 1.98),
  (120, 58, '2010-06-12 00:00:00', '12,Community Centre', 'Delhi', NULL, 'India', '110017', 1.98),
  (121, 1, '2010-06-13 00:00:00', 'Av. Brigadeiro Faria Lima, 2170', 'São José dos Campos', 'SP', 'Brazil', '12227-000', 3.96),
  (122, 5, '2010-06-14 00:00:00', 'Klanova 9/506', 'Prague', NULL, 'Czech Republic', '14700', 5.94),
  (123, 11, '2010-06-17 00:00:00', 'Av. Paulista, 2022', 'São Paulo', 'SP', 'Brazil', '01310-200', 8.91),
  (124, 20, '2010-06-22 00:00:00', '541 Del Medio Avenue', 'Mountain View', 'CA', 'USA', '94040-111', 13.86),
  (125, 34, '2010-06-30 00:00:00', 'Rua da Assunção 53', 'Lisbon', NULL, 'Portugal', NULL, 0.99),
  (126, 35, '2010-07-13 00:00:00', 'Rua dos Campeões Europeus de Viena, 4350', 'Porto', NULL, 'Portugal', NULL, 1.98),
  (127, 37, '2010-07-13 00:00:00', 'Berger Straße 10', 'Frankfurt', NULL, 'Germany', '60316', 1.98),
  (128, 39, '2010-07-14 00:00:00', '4, Rue Milton', 'Paris', NULL, 'France', '75009', 3.96),
  (129, 43, '2010-07-15 00:00:00', '68, Rue Jouvence', 'Dijon', NULL, 'France', '21000', 5.94),
  (130, 49, '2010-07-18 00:00:00', 'Ordynacka 10', 'Warsaw', NULL, 'Poland', '00-358', 8.91),
  (131, 58, '2010-07-23 00:00:00', '12,Community Centre', 'Delhi', NULL, 'India', '110017', 13.86),
  (132, 13, '2010-07-31 00:00:00', 'Qe 7 Bloco G', 'Brasília', 'DF', 'Brazil', '71020-677', 0.99),
  (133, 14, '2010-08-13 00:00:00', '8210 111 ST NW', 'Edmonton', 'AB', 'Canada', 'T6G 2C7', 1.98),
  (134, 16, '2010-08-13 00:00:00', '1600 Amphitheatre Parkway', 'Mountain View', 'CA', 'USA', '94043-1351', 1.98),
  (135, 18, '2010-08-14 00:00:00', '627 Broadway', 'New York', 'NY', 'USA', '10012-2612', 3.96),
  (136, 22, '2010-08-15 00:00:00', '120 S Orange Ave', 'Orlando', 'FL', 'USA', '32801', 5.94),
  (137, 28, '2010-08-18 00:00:00', '302 S 700 E', 'Salt Lake City', 'UT', 'USA', '84102', 8.91),
  (138, 37, '2010-08-23 00:00:00', 'Berger Straße 10', 'Frankfurt', NULL, 'Germany', '60316', 13.86),
  (139, 51, '2010-08-31 00:00:00', 'Celsiusg. 9', 'Stockholm', NULL, 'Sweden', '11230', 0.99),
  (140, 52, '2010-09-13 00:00:00', '202 Hoxton Street', 'London', NULL, 'United Kingdom', 'N1 5LH', 1.98),
  (141, 54, '2010-09-13 00:00:00', '110 Raeburn Pl', 'Edinburgh ', NULL, 'United Kingdom', 'EH4 1HH', 1.98),
  (142, 56, '2010-09-14 00:00:00', '307 Macacha Güemes', 'Buenos Aires', NULL, 'Argentina', '1106', 3.96),
  (143, 1, '2010-09-15 00:00:00', 'Av. Brigadeiro Faria Lima, 2170', 'São José dos Campos', 'SP', 'Brazil', '12227-000', 5.94),
  (144, 7, '2010-09-18 00:00:00', 'Rotenturmstraße 4, 1010 Innere Stadt', 'Vienne', NULL, 'Austria', '1010', 8.91),
  (145, 16, '2010-09-23 00:00:00', '1600 Amphitheatre Parkway', 'Mountain View', 'CA', 'USA', '94043-1351', 13.86),
  (146, 30, '2010-10-01 00:00:00', '230 Elgin Street', 'Ottawa', 'ON', 'Canada', 'K2P 1L7', 0.99),
  (147, 31, '2010-10-14 00:00:00', '194A Chain Lake Drive', 'Halifax', 'NS', 'Canada', 'B3S 1C5', 1.98),
  (148, 33, '2010-10-14 00:00:00', '5112 48 Street', 'Yellowknife', 'NT', 'Canada', 'X1A 1N6', 1.98),
  (149, 35, '2010-10-15 00:00:00', 'Rua dos Campeões Europeus de Viena, 4350', 'Porto', NULL, 'Portugal', NULL, 3.96),
  (150, 39, '2010-10-16 00:00:00', '4, Rue Milton', 'Paris', NULL, 'France', '75009', 5.94),
  (151, 45, '2010-10-19 00:00:00', 'Erzsébet krt. 58.', 'Budapest', NULL, 'Hungary', 'H-1073', 8.91),
  (152, 54, '2010-10-24 00:00:00', '110 Raeburn Pl', 'Edinburgh ', NULL, 'United Kingdom', 'EH4 1HH', 13.86),
  (153, 9, '2010-11-01 00:00:00', 'Sønder Boulevard 51', 'Copenhagen', NULL, 'Denmark', '1720', 0.99),
  (154, 10, '2010-11-14 00:00:00', 'Rua Dr. Falcão Filho, 155', 'São Paulo', 'SP', 'Brazil', '01007-010', 1.98),
  (155, 12, '2010-11-14 00:00:00', 'Praça Pio X, 119', 'Rio de Janeiro', 'RJ', 'Brazil', '20040-020', 1.98),
  (156, 14, '2010-11-15 00:00:00', '8210 111 ST NW', 'Edmonton', 'AB', 'Canada', 'T6G 2C7', 3.96),
  (157, 18, '2010-11-16 00:00:00', '627 Broadway', 'New York', 'NY', 'USA', '10012-2612', 5.94),
  (158, 24, '2010-11-19 00:00:00', '162 E Superior Street', 'Chicago', 'IL', 'USA', '60611', 8.91),
  (159, 33, '2010-11-24 00:00:00', '5112 48 Street', 'Yellowknife', 'NT', 'Canada', 'X1A 1N6', 13.86),
  (160, 47, '2010-12-02 00:00:00', 'Via Degli Scipioni, 43', 'Rome', 'RM', 'Italy', '00192', 0.99),
  (161, 48, '2010-12-15 00:00:00', 'Lijnbaansgracht 120bg', 'Amsterdam', 'VV', 'Netherlands', '1016', 1.98),
  (162, 50, '2010-12-15 00:00:00', 'C/ San Bernardo 85', 'Madrid', NULL, 'Spain', '28015', 1.98),
  (163, 52, '2010-12-16 00:00:00', '202 Hoxton Street', 'London', NULL, 'United Kingdom', 'N1 5LH', 3.96),
  (164, 56, '2010-12-17 00:00:00', '307 Macacha Güemes', 'Buenos Aires', NULL, 'Argentina', '1106', 5.94),
  (165, 3, '2010-12-20 00:00:00', '1498 rue Bélanger', 'Montréal', 'QC', 'Canada', 'H2G 1A7', 8.91),
  (166, 12, '2010-12-25 00:00:00', 'Praça Pio X, 119', 'Rio de Janeiro', 'RJ', 'Brazil', '20040-020', 13.86),
  (167, 26, '2011-01-02 00:00:00', '2211 W Berry Street', 'Fort Worth', 'TX', 'USA', '76110', 0.99),
  (168, 27, '2011-01-15 00:00:00', '1033 N Park Ave', 'Tucson', 'AZ', 'USA', '85719', 1.98),
  (169, 29, '2011-01-15 00:00:00', '796 Dundas Street West', 'Toronto', 'ON', 'Canada', 'M6J 1V1', 1.98),
  (170, 31, '2011-01-16 00:00:00', '194A Chain Lake Drive', 'Halifax', 'NS', 'Canada', 'B3S 1C5', 3.96),
  (171, 35, '2011-01-17 00:00:00', 'Rua dos Campeões Europeus de Viena, 4350', 'Porto', NULL, 'Portugal', NULL, 5.94),
  (172, 41, '2011-01-20 00:00:00', '11, Place Bellecour', 'Lyon', NULL, 'France', '69002', 8.91),
  (173, 50, '2011-01-25 00:00:00', 'C/ San Bernardo 85', 'Madrid', NULL, 'Spain', '28015', 13.86),
  (174, 5, '2011-02-02 00:00:00', 'Klanova 9/506', 'Prague', NULL, 'Czech Republic', '14700', 0.99),
  (175, 6, '2011-02-15 00:00:00', 'Rilská 3174/6', 'Prague', NULL, 'Czech Republic', '14300', 1.98),
  (176, 8, '2011-02-15 00:00:00', 'Grétrystraat 63', 'Brussels', NULL, 'Belgium', '1000', 1.98),
  (177, 10, '2011-02-16 00:00:00', 'Rua Dr. Falcão Filho, 155', 'São Paulo', 'SP', 'Brazil', '01007-010', 3.96),
  (178, 14, '2011-02-17 00:00:00', '8210 111 ST NW', 'Edmonton', 'AB', 'Canada', 'T6G 2C7', 5.94),
  (179, 20, '2011-02-20 00:00:00', '541 Del Medio Avenue', 'Mountain View', 'CA', 'USA', '94040-111', 8.91),
  (180, 29, '2011-02-25 00:00:00', '796 Dundas Street West', 'Toronto', 'ON', 'Canada', 'M6J 1V1', 13.86),
  (181, 43, '2011-03-05 00:00:00', '68, Rue Jouvence', 'Dijon', NULL, 'France', '21000', 0.99),
  (182, 44, '2011-03-18 00:00:00', 'Porthaninkatu 9', 'Helsinki', NULL, 'Finland', '00530', 1.98),
  (183, 46, '2011-03-18 00:00:00', '3 Chatham Street', 'Dublin', 'Dublin', 'Ireland', NULL, 1.98),
  (184, 48, '2011-03-19 00:00:00', 'Lijnbaansgracht 120bg', 'Amsterdam', 'VV', 'Netherlands', '1016', 3.96),
  (185, 52, '2011-03-20 00:00:00', '202 Hoxton Street', 'London', NULL, 'United Kingdom', 'N1 5LH', 5.94),
  (186, 58, '2011-03-23 00:00:00', '12,Community Centre', 'Delhi', NULL, 'India', '110017', 8.91),
  (187, 8, '2011-03-28 00:00:00', 'Grétrystraat 63', 'Brussels', NULL, 'Belgium', '1000', 13.86),
  (188, 22, '2011-04-05 00:00:00', '120 S Orange Ave', 'Orlando', 'FL', 'USA', '32801', 0.99),
  (189, 23, '2011-04-18 00:00:00', '69 Salem Street', 'Boston', 'MA', 'USA', '2113', 1.98),
  (190, 25, '2011-04-18 00:00:00', '319 N. Frances Street', 'Madison', 'WI', 'USA', '53703', 1.98),
  (191, 27, '2011-04-19 00:00:00', '1033 N Park Ave', 'Tucson', 'AZ', 'USA', '85719', 3.96),
  (192, 31, '2011-04-20 00:00:00', '194A Chain Lake Drive', 'Halifax', 'NS', 'Canada', 'B3S 1C5', 5.94),
  (193, 37, '2011-04-23 00:00:00', 'Berger Straße 10', 'Frankfurt', NULL, 'Germany', '60316', 14.91),
  (194, 46, '2011-04-28 00:00:00', '3 Chatham Street', 'Dublin', 'Dublin', 'Ireland', NULL, 21.86),
  (195, 1, '2011-05-06 00:00:00', 'Av. Brigadeiro Faria Lima, 2170', 'São José dos Campos', 'SP', 'Brazil', '12227-000', 0.99),
  (196, 2, '2011-05-19 00:00:00', 'Theodor-Heuss-Straße 34', 'Stuttgart', NULL, 'Germany', '70174', 1.98),
  (197, 4, '2011-05-19 00:00:00', 'Ullevålsveien 14', 'Oslo', NULL, 'Norway', '0171', 1.98),
  (198, 6, '2011-05-20 00:00:00', 'Rilská 3174/6', 'Prague', NULL, 'Czech Republic', '14300', 3.96),
  (199, 10, '2011-05-21 00:00:00', 'Rua Dr. Falcão Filho, 155', 'São Paulo', 'SP', 'Brazil', '01007-010', 5.94),
  (200, 16, '2011-05-24 00:00:00', '1600 Amphitheatre Parkway', 'Mountain View', 'CA', 'USA', '94043-1351', 8.91),
  (201, 25, '2011-05-29 00:00:00', '319 N. Frances Street', 'Madison', 'WI', 'USA', '53703', 18.86),
  (202, 39, '2011-06-06 00:00:00', '4, Rue Milton', 'Paris', NULL, 'France', '75009', 1.99),
  (203, 40, '2011-06-19 00:00:00', '8, Rue Hanovre', 'Paris', NULL, 'France', '75002', 2.98),
  (204, 42, '2011-06-19 00:00:00', '9, Place Louis Barthou', 'Bordeaux', NULL, 'France', '33000', 3.98),
  (205, 44, '2011-06-20 00:00:00', 'Porthaninkatu 9', 'Helsinki', NULL, 'Finland', '00530', 7.96),
  (206, 48, '2011-06-21 00:00:00', 'Lijnbaansgracht 120bg', 'Amsterdam', 'VV', 'Netherlands', '1016', 8.94),
  (207, 54, '2011-06-24 00:00:00', '110 Raeburn Pl', 'Edinburgh ', NULL, 'United Kingdom', 'EH4 1HH', 8.91),
  (208, 4, '2011-06-29 00:00:00', 'Ullevålsveien 14', 'Oslo', NULL, 'Norway', '0171', 15.86),
  (209, 18, '2011-07-07 00:00:00', '627 Broadway', 'New York', 'NY', 'USA', '10012-2612', 0.99),
  (210, 19, '2011-07-20 00:00:00', '1 Infinite Loop', 'Cupertino', 'CA', 'USA', '95014', 1.98),
  (211, 21, '2011-07-20 00:00:00', '801 W 4th Street', 'Reno', 'NV', 'USA', '89503', 1.98),
  (212, 23, '2011-07-21 00:00:00', '69 Salem Street', 'Boston', 'MA', 'USA', '2113', 3.96),
  (213, 27, '2011-07-22 00:00:00', '1033 N Park Ave', 'Tucson', 'AZ', 'USA', '85719', 5.94),
  (214, 33, '2011-07-25 00:00:00', '5112 48 Street', 'Yellowknife', 'NT', 'Canada', 'X1A 1N6', 8.91),
  (215, 42, '2011-07-30 00:00:00', '9, Place Louis Barthou', 'Bordeaux', NULL, 'France', '33000', 13.86),
  (216, 56, '2011-08-07 00:00:00', '307 Macacha Güemes', 'Buenos Aires', NULL, 'Argentina', '1106', 0.99),
  (217, 57, '2011-08-20 00:00:00', 'Calle Lira, 198', 'Santiago', NULL, 'Chile', NULL, 1.98),
  (218, 59, '2011-08-20 00:00:00', '3,Raj Bhavan Road', 'Bangalore', NULL, 'India', '560001', 1.98),
  (219, 2, '2011-08-21 00:00:00', 'Theodor-Heuss-Straße 34', 'Stuttgart', NULL, 'Germany', '70174', 3.96),
  (220, 6, '2011-08-22 00:00:00', 'Rilská 3174/6', 'Prague', NULL, 'Czech Republic', '14300', 5.94),
  (221, 12, '2011-08-25 00:00:00', 'Praça Pio X, 119', 'Rio de Janeiro', 'RJ', 'Brazil', '20040-020', 8.91),
  (222, 21, '2011-08-30 00:00:00', '801 W 4th Street', 'Reno', 'NV', 'USA', '89503', 13.86),
  (223, 35, '2011-09-07 00:00:00', 'Rua dos Campeões Europeus de Viena, 4350', 'Porto', NULL, 'Portugal', NULL, 0.99),
  (224, 36, '2011-09-20 00:00:00', 'Tauentzienstraße 8', 'Berlin', NULL, 'Germany', '10789', 1.98),
  (225, 38, '2011-09-20 00:00:00', 'Barbarossastraße 19', 'Berlin', NULL, 'Germany', '10779', 1.98),
  (226, 40, '2011-09-21 00:00:00', '8, Rue Hanovre', 'Paris', NULL, 'France', '75002', 3.96),
  (227, 44, '2011-09-22 00:00:00', 'Porthaninkatu 9', 'Helsinki', NULL, 'Finland', '00530', 5.94),
  (228, 50, '2011-09-25 00:00:00', 'C/ San Bernardo 85', 'Madrid', NULL, 'Spain', '28015', 8.91),
  (229, 59, '2011-09-30 00:00:00', '3,Raj Bhavan Road', 'Bangalore', NULL, 'India', '560001', 13.86),
  (230, 14, '2011-10-08 00:00:00', '8210 111 ST NW', 'Edmonton', 'AB', 'Canada', 'T6G 2C7', 0.99),
  (231, 15, '2011-10-21 00:00:00', '700 W Pender Street', 'Vancouver', 'BC', 'Canada', 'V6C 1G8', 1.98),
  (232, 17, '2011-10-21 00:00:00', '1 Microsoft Way', 'Redmond', 'WA', 'USA', '98052-8300', 1.98),
  (233, 19, '2011-10-22 00:00:00', '1 Infinite Loop', 'Cupertino', 'CA', 'USA', '95014', 3.96),
  (234, 23, '2011-10-23 00:00:00', '69 Salem Street', 'Boston', 'MA', 'USA', '2113', 5.94),
  (235, 29, '2011-10-26 00:00:00', '796 Dundas Street West', 'Toronto', 'ON', 'Canada', 'M6J 1V1', 8.91),
  (236, 38, '2011-10-31 00:00:00', 'Barbarossastraße 19', 'Berlin', NULL, 'Germany', '10779', 13.86),
  (237, 52, '2011-11-08 00:00:00', '202 Hoxton Street', 'London', NULL, 'United Kingdom', 'N1 5LH', 0.99),
  (238, 53, '2011-11-21 00:00:00', '113 Lupus St', 'London', NULL, 'United Kingdom', 'SW1V 3EN', 1.98),
  (239, 55, '2011-11-21 00:00:00', '421 Bourke Street', 'Sidney', 'NSW', 'Australia', '2010', 1.98),
  (240, 57, '2011-11-22 00:00:00', 'Calle Lira, 198', 'Santiago', NULL, 'Chile', NULL, 3.96),
  (241, 2, '2011-11-23 00:00:00', 'Theodor-Heuss-Straße 34', 'Stuttgart', NULL, 'Germany', '70174', 5.94),
  (242, 8, '2011-11-26 00:00:00', 'Grétrystraat 63', 'Brussels', NULL, 'Belgium', '1000', 8.91),
  (243, 17, '2011-12-01 00:00:00', '1 Microsoft Way', 'Redmond', 'WA', 'USA', '98052-8300', 13.86),
  (244, 31, '2011-12-09 00:00:00', '194A Chain Lake Drive', 'Halifax', 'NS', 'Canada', 'B3S 1C5', 0.99),
  (245, 32, '2011-12-22 00:00:00', '696 Osborne Street', 'Winnipeg', 'MB', 'Canada', 'R3L 2B9', 1.98),
  (246, 34, '2011-12-22 00:00:00', 'Rua da Assunção 53', 'Lisbon', NULL, 'Portugal', NULL, 1.98),
  (247, 36, '2011-12-23 00:00:00', 'Tauentzienstraße 8', 'Berlin', NULL, 'Germany', '10789', 3.96),
  (248, 40, '2011-12-24 00:00:00', '8, Rue Hanovre', 'Paris', NULL, 'France', '75002', 5.94),
  (249, 46, '2011-12-27 00:00:00', '3 Chatham Street', 'Dublin', 'Dublin', 'Ireland', NULL, 8.91),
  (250, 55, '2012-01-01 00:00:00', '421 Bourke Street', 'Sidney', 'NSW', 'Australia', '2010', 13.86),
  (251, 10, '2012-01-09 00:00:00', 'Rua Dr. Falcão Filho, 155', 'São Paulo', 'SP', 'Brazil', '01007-010', 0.99),
  (252, 11, '2012-01-22 00:00:00', 'Av. Paulista, 2022', 'São Paulo', 'SP', 'Brazil', '01310-200', 1.98),
  (253, 13, '2012-01-22 00:00:00', 'Qe 7 Bloco G', 'Brasília', 'DF', 'Brazil', '71020-677', 1.98),
  (254, 15, '2012-01-23 00:00:00', '700 W Pender Street', 'Vancouver', 'BC', 'Canada', 'V6C 1G8', 3.96),
  (255, 19, '2012-01-24 00:00:00', '1 Infinite Loop', 'Cupertino', 'CA', 'USA', '95014', 5.94),
  (256, 25, '2012-01-27 00:00:00', '319 N. Frances Street', 'Madison', 'WI', 'USA', '53703', 8.91),
  (257, 34, '2012-02-01 00:00:00', 'Rua da Assunção 53', 'Lisbon', NULL, 'Portugal', NULL, 13.86),
  (258, 48, '2012-02-09 00:00:00', 'Lijnbaansgracht 120bg', 'Amsterdam', 'VV', 'Netherlands', '1016', 0.99),
  (259, 49, '2012-02-22 00:00:00', 'Ordynacka 10', 'Warsaw', NULL, 'Poland', '00-358', 1.98),
  (260, 51, '2012-02-22 00:00:00', 'Celsiusg. 9', 'Stockholm', NULL, 'Sweden', '11230', 1.98),
  (261, 53, '2012-02-23 00:00:00', '113 Lupus St', 'London', NULL, 'United Kingdom', 'SW1V 3EN', 3.96),
  (262, 57, '2012-02-24 00:00:00', 'Calle Lira, 198', 'Santiago', NULL, 'Chile', NULL, 5.94),
  (263, 4, '2012-02-27 00:00:00', 'Ullevålsveien 14', 'Oslo', NULL, 'Norway', '0171', 8.91),
  (264, 13, '2012-03-03 00:00:00', 'Qe 7 Bloco G', 'Brasília', 'DF', 'Brazil', '71020-677', 13.86),
  (265, 27, '2012-03-11 00:00:00', '1033 N Park Ave', 'Tucson', 'AZ', 'USA', '85719', 0.99),
  (266, 28, '2012-03-24 00:00:00', '302 S 700 E', 'Salt Lake City', 'UT', 'USA', '84102', 1.98),
  (267, 30, '2012-03-24 00:00:00', '230 Elgin Street', 'Ottawa', 'ON', 'Canada', 'K2P 1L7', 1.98),
  (268, 32, '2012-03-25 00:00:00', '696 Osborne Street', 'Winnipeg', 'MB', 'Canada', 'R3L 2B9', 3.96),
  (269, 36, '2012-03-26 00:00:00', 'Tauentzienstraße 8', 'Berlin', NULL, 'Germany', '10789', 5.94),
  (270, 42, '2012-03-29 00:00:00', '9, Place Louis Barthou', 'Bordeaux', NULL, 'France', '33000', 8.91),
  (271, 51, '2012-04-03 00:00:00', 'Celsiusg. 9', 'Stockholm', NULL, 'Sweden', '11230', 13.86),
  (272, 6, '2012-04-11 00:00:00', 'Rilská 3174/6', 'Prague', NULL, 'Czech Republic', '14300', 0.99),
  (273, 7, '2012-04-24 00:00:00', 'Rotenturmstraße 4, 1010 Innere Stadt', 'Vienne', NULL, 'Austria', '1010', 1.98),
  (274, 9, '2012-04-24 00:00:00', 'Sønder Boulevard 51', 'Copenhagen', NULL, 'Denmark', '1720', 1.98),
  (275, 11, '2012-04-25 00:00:00', 'Av. Paulista, 2022', 'São Paulo', 'SP', 'Brazil', '01310-200', 3.96),
  (276, 15, '2012-04-26 00:00:00', '700 W Pender Street', 'Vancouver', 'BC', 'Canada', 'V6C 1G8', 5.94),
  (277, 21, '2012-04-29 00:00:00', '801 W 4th Street', 'Reno', 'NV', 'USA', '89503', 8.91),
  (278, 30, '2012-05-04 00:00:00', '230 Elgin Street', 'Ottawa', 'ON', 'Canada', 'K2P 1L7', 13.86),
  (279, 44, '2012-05-12 00:00:00', 'Porthaninkatu 9', 'Helsinki', NULL, 'Finland', '00530', 0.99),
  (280, 45, '2012-05-25 00:00:00', 'Erzsébet krt. 58.', 'Budapest', NULL, 'Hungary', 'H-1073', 1.98),
  (281, 47, '2012-05-25 00:00:00', 'Via Degli Scipioni, 43', 'Rome', 'RM', 'Italy', '00192', 1.98),
  (282, 49, '2012-05-26 00:00:00', 'Ordynacka 10', 'Warsaw', NULL, 'Poland', '00-358', 3.96),
  (283, 53, '2012-05-27 00:00:00', '113 Lupus St', 'London', NULL, 'United Kingdom', 'SW1V 3EN', 5.94),
  (284, 59, '2012-05-30 00:00:00', '3,Raj Bhavan Road', 'Bangalore', NULL, 'India', '560001', 8.91),
  (285, 9, '2012-06-04 00:00:00', 'Sønder Boulevard 51', 'Copenhagen', NULL, 'Denmark', '1720', 13.86),
  (286, 23, '2012-06-12 00:00:00', '69 Salem Street', 'Boston', 'MA', 'USA', '2113', 0.99),
  (287, 24, '2012-06-25 00:00:00', '162 E Superior Street', 'Chicago', 'IL', 'USA', '60611', 1.98),
  (288, 26, '2012-06-25 00:00:00', '2211 W Berry Street', 'Fort Worth', 'TX', 'USA', '76110', 1.98),
  (289, 28, '2012-06-26 00:00:00', '302 S 700 E', 'Salt Lake City', 'UT', 'USA', '84102', 3.96),
  (290, 32, '2012-06-27 00:00:00', '696 Osborne Street', 'Winnipeg', 'MB', 'Canada', 'R3L 2B9', 5.94),
  (291, 38, '2012-06-30 00:00:00', 'Barbarossastraße 19', 'Berlin', NULL, 'Germany', '10779', 8.91),
  (292, 47, '2012-07-05 00:00:00', 'Via Degli Scipioni, 43', 'Rome', 'RM', 'Italy', '00192', 13.86),
  (293, 2, '2012-07-13 00:00:00', 'Theodor-Heuss-Straße 34', 'Stuttgart', NULL, 'Germany', '70174', 0.99),
  (294, 3, '2012-07-26 00:00:00', '1498 rue Bélanger', 'Montréal', 'QC', 'Canada', 'H2G 1A7', 1.98),
  (295, 5, '2012-07-26 00:00:00', 'Klanova 9/506', 'Prague', NULL, 'Czech Republic', '14700', 1.98),
  (296, 7, '2012-07-27 00:00:00', 'Rotenturmstraße 4, 1010 Innere Stadt', 'Vienne', NULL, 'Austria', '1010', 3.96),
  (297, 11, '2012-07-28 00:00:00', 'Av. Paulista, 2022', 'São Paulo', 'SP', 'Brazil', '01310-200', 5.94),
  (298, 17, '2012-07-31 00:00:00', '1 Microsoft Way', 'Redmond', 'WA', 'USA', '98052-8300', 10.91),
  (299, 26, '2012-08-05 00:00:00', '2211 W Berry Street', 'Fort Worth', 'TX', 'USA', '76110', 23.86),
  (300, 40, '2012-08-13 00:00:00', '8, Rue Hanovre', 'Paris', NULL, 'France', '75002', 0.99),
  (301, 41, '2012-08-26 00:00:00', '11, Place Bellecour', 'Lyon', NULL, 'France', '69002', 1.98),
  (302, 43, '2012-08-26 00:00:00', '68, Rue Jouvence', 'Dijon', NULL, 'France', '21000', 1.98),
  (303, 45, '2012-08-27 00:00:00', 'Erzsébet krt. 58.', 'Budapest', NULL, 'Hungary', 'H-1073', 3.96),
  (304, 49, '2012-08-28 00:00:00', 'Ordynacka 10', 'Warsaw', NULL, 'Poland', '00-358', 5.94),
  (305, 55, '2012-08-31 00:00:00', '421 Bourke Street', 'Sidney', 'NSW', 'Australia', '2010', 8.91),
  (306, 5, '2012-09-05 00:00:00', 'Klanova 9/506', 'Prague', NULL, 'Czech Republic', '14700', 16.86),
  (307, 19, '2012-09-13 00:00:00', '1 Infinite Loop', 'Cupertino', 'CA', 'USA', '95014', 1.99),
  (308, 20, '2012-09-26 00:00:00', '541 Del Medio Avenue', 'Mountain View', 'CA', 'USA', '94040-111', 3.98),
  (309, 22, '2012-09-26 00:00:00', '120 S Orange Ave', 'Orlando', 'FL', 'USA', '32801', 3.98),
  (310, 24, '2012-09-27 00:00:00', '162 E Superior Street', 'Chicago', 'IL', 'USA', '60611', 7.96),
  (311, 28, '2012-09-28 00:00:00', '302 S 700 E', 'Salt Lake City', 'UT', 'USA', '84102', 11.94),
  (312, 34, '2012-10-01 00:00:00', 'Rua da Assunção 53', 'Lisbon', NULL, 'Portugal', NULL, 10.91),
  (313, 43, '2012-10-06 00:00:00', '68, Rue Jouvence', 'Dijon', NULL, 'France', '21000', 16.86),
  (314, 57, '2012-10-14 00:00:00', 'Calle Lira, 198', 'Santiago', NULL, 'Chile', NULL, 0.99),
  (315, 58, '2012-10-27 00:00:00', '12,Community Centre', 'Delhi', NULL, 'India', '110017', 1.98),
  (316, 1, '2012-10-27 00:00:00', 'Av. Brigadeiro Faria Lima, 2170', 'São José dos Campos', 'SP', 'Brazil', '12227-000', 1.98),
  (317, 3, '2012-10-28 00:00:00', '1498 rue Bélanger', 'Montréal', 'QC', 'Canada', 'H2G 1A7', 3.96),
  (318, 7, '2012-10-29 00:00:00', 'Rotenturmstraße 4, 1010 Innere Stadt', 'Vienne', NULL, 'Austria', '1010', 5.94),
  (319, 13, '2012-11-01 00:00:00', 'Qe 7 Bloco G', 'Brasília', 'DF', 'Brazil', '71020-677', 8.91),
  (320, 22, '2012-11-06 00:00:00', '120 S Orange Ave', 'Orlando', 'FL', 'USA', '32801', 13.86),
  (321, 36, '2012-11-14 00:00:00', 'Tauentzienstraße 8', 'Berlin', NULL, 'Germany', '10789', 0.99),
  (322, 37, '2012-11-27 00:00:00', 'Berger Straße 10', 'Frankfurt', NULL, 'Germany', '60316', 1.98),
  (323, 39, '2012-11-27 00:00:00', '4, Rue Milton', 'Paris', NULL, 'France', '75009', 1.98),
  (324, 41, '2012-11-28 00:00:00', '11, Place Bellecour', 'Lyon', NULL, 'France', '69002', 3.96),
  (325, 45, '2012-11-29 00:00:00', 'Erzsébet krt. 58.', 'Budapest', NULL, 'Hungary', 'H-1073', 5.94),
  (326, 51, '2012-12-02 00:00:00', 'Celsiusg. 9', 'Stockholm', NULL, 'Sweden', '11230', 8.91),
  (327, 1, '2012-12-07 00:00:00', 'Av. Brigadeiro Faria Lima, 2170', 'São José dos Campos', 'SP', 'Brazil', '12227-000', 13.86),
  (328, 15, '2012-12-15 00:00:00', '700 W Pender Street', 'Vancouver', 'BC', 'Canada', 'V6C 1G8', 0.99),
  (329, 16, '2012-12-28 00:00:00', '1600 Amphitheatre Parkway', 'Mountain View', 'CA', 'USA', '94043-1351', 1.98),
  (330, 18, '2012-12-28 00:00:00', '627 Broadway', 'New York', 'NY', 'USA', '10012-2612', 1.98),
  (331, 20, '2012-12-29 00:00:00', '541 Del Medio Avenue', 'Mountain View', 'CA', 'USA', '94040-111', 3.96),
  (332, 24, '2012-12-30 00:00:00', '162 E Superior Street', 'Chicago', 'IL', 'USA', '60611', 5.94),
  (333, 30, '2013-01-02 00:00:00', '230 Elgin Street', 'Ottawa', 'ON', 'Canada', 'K2P 1L7', 8.91),
  (334, 39, '2013-01-07 00:00:00', '4, Rue Milton', 'Paris', NULL, 'France', '75009', 13.86),
  (335, 53, '2013-01-15 00:00:00', '113 Lupus St', 'London', NULL, 'United Kingdom', 'SW1V 3EN', 0.99),
  (336, 54, '2013-01-28 00:00:00', '110 Raeburn Pl', 'Edinburgh ', NULL, 'United Kingdom', 'EH4 1HH', 1.98),
  (337, 56, '2013-01-28 00:00:00', '307 Macacha Güemes', 'Buenos Aires', NULL, 'Argentina', '1106', 1.98),
  (338, 58, '2013-01-29 00:00:00', '12,Community Centre', 'Delhi', NULL, 'India', '110017', 3.96),
  (339, 3, '2013-01-30 00:00:00', '1498 rue Bélanger', 'Montréal', 'QC', 'Canada', 'H2G 1A7', 5.94),
  (340, 9, '2013-02-02 00:00:00', 'Sønder Boulevard 51', 'Copenhagen', NULL, 'Denmark', '1720', 8.91),
  (341, 18, '2013-02-07 00:00:00', '627 Broadway', 'New York', 'NY', 'USA', '10012-2612', 13.86),
  (342, 32, '2013-02-15 00:00:00', '696 Osborne Street', 'Winnipeg', 'MB', 'Canada', 'R3L 2B9', 0.99),
  (343, 33, '2013-02-28 00:00:00', '5112 48 Street', 'Yellowknife', 'NT', 'Canada', 'X1A 1N6', 1.98),
  (344, 35, '2013-02-28 00:00:00', 'Rua dos Campeões Europeus de Viena, 4350', 'Porto', NULL, 'Portugal', NULL, 1.98),
  (345, 37, '2013-03-01 00:00:00', 'Berger Straße 10', 'Frankfurt', NULL, 'Germany', '60316', 3.96),
  (346, 41, '2013-03-02 00:00:00', '11, Place Bellecour', 'Lyon', NULL, 'France', '69002', 5.94),
  (347, 47, '2013-03-05 00:00:00', 'Via Degli Scipioni, 43', 'Rome', 'RM', 'Italy', '00192', 8.91),
  (348, 56, '2013-03-10 00:00:00', '307 Macacha Güemes', 'Buenos Aires', NULL, 'Argentina', '1106', 13.86),
  (349, 11, '2013-03-18 00:00:00', 'Av. Paulista, 2022', 'São Paulo', 'SP', 'Brazil', '01310-200', 0.99),
  (350, 12, '2013-03-31 00:00:00', 'Praça Pio X, 119', 'Rio de Janeiro', 'RJ', 'Brazil', '20040-020', 1.98),
  (351, 14, '2013-03-31 00:00:00', '8210 111 ST NW', 'Edmonton', 'AB', 'Canada', 'T6G 2C7', 1.98),
  (352, 16, '2013-04-01 00:00:00', '1600 Amphitheatre Parkway', 'Mountain View', 'CA', 'USA', '94043-1351', 3.96),
  (353, 20, '2013-04-02 00:00:00', '541 Del Medio Avenue', 'Mountain View', 'CA', 'USA', '94040-111', 5.94),
  (354, 26, '2013-04-05 00:00:00', '2211 W Berry Street', 'Fort Worth', 'TX', 'USA', '76110', 8.91),
  (355, 35, '2013-04-10 00:00:00', 'Rua dos Campeões Europeus de Viena, 4350', 'Porto', NULL, 'Portugal', NULL, 13.86),
  (356, 49, '2013-04-18 00:00:00', 'Ordynacka 10', 'Warsaw', NULL, 'Poland', '00-358', 0.99),
  (357, 50, '2013-05-01 00:00:00', 'C/ San Bernardo 85', 'Madrid', NULL, 'Spain', '28015', 1.98),
  (358, 52, '2013-05-01 00:00:00', '202 Hoxton Street', 'London', NULL, 'United Kingdom', 'N1 5LH', 1.98),
  (359, 54, '2013-05-02 00:00:00', '110 Raeburn Pl', 'Edinburgh ', NULL, 'United Kingdom', 'EH4 1HH', 3.96),
  (360, 58, '2013-05-03 00:00:00', '12,Community Centre', 'Delhi', NULL, 'India', '110017', 5.94),
  (361, 5, '2013-05-06 00:00:00', 'Klanova 9/506', 'Prague', NULL, 'Czech Republic', '14700', 8.91),
  (362, 14, '2013-05-11 00:00:00', '8210 111 ST NW', 'Edmonton', 'AB', 'Canada', 'T6G 2C7', 13.86),
  (363, 28, '2013-05-19 00:00:00', '302 S 700 E', 'Salt Lake City', 'UT', 'USA', '84102', 0.99),
  (364, 29, '2013-06-01 00:00:00', '796 Dundas Street West', 'Toronto', 'ON', 'Canada', 'M6J 1V1', 1.98),
  (365, 31, '2013-06-01 00:00:00', '194A Chain Lake Drive', 'Halifax', 'NS', 'Canada', 'B3S 1C5', 1.98),
  (366, 33, '2013-06-02 00:00:00', '5112 48 Street', 'Yellowknife', 'NT', 'Canada', 'X1A 1N6', 3.96),
  (367, 37, '2013-06-03 00:00:00', 'Berger Straße 10', 'Frankfurt', NULL, 'Germany', '60316', 5.94),
  (368, 43, '2013-06-06 00:00:00', '68, Rue Jouvence', 'Dijon', NULL, 'France', '21000', 8.91),
  (369, 52, '2013-06-11 00:00:00', '202 Hoxton Street', 'London', NULL, 'United Kingdom', 'N1 5LH', 13.86),
  (370, 7, '2013-06-19 00:00:00', 'Rotenturmstraße 4, 1010 Innere Stadt', 'Vienne', NULL, 'Austria', '1010', 0.99),
  (371, 8, '2013-07-02 00:00:00', 'Grétrystraat 63', 'Brussels', NULL, 'Belgium', '1000', 1.98),
  (372, 10, '2013-07-02 00:00:00', 'Rua Dr. Falcão Filho, 155', 'São Paulo', 'SP', 'Brazil', '01007-010', 1.98),
  (373, 12, '2013-07-03 00:00:00', 'Praça Pio X, 119', 'Rio de Janeiro', 'RJ', 'Brazil', '20040-020', 3.96),
  (374, 16, '2013-07-04 00:00:00', '1600 Amphitheatre Parkway', 'Mountain View', 'CA', 'USA', '94043-1351', 5.94),
  (375, 22, '2013-07-07 00:00:00', '120 S Orange Ave', 'Orlando', 'FL', 'USA', '32801', 8.91),
  (376, 31, '2013-07-12 00:00:00', '194A Chain Lake Drive', 'Halifax', 'NS', 'Canada', 'B3S 1C5', 13.86),
  (377, 45, '2013-07-20 00:00:00', 'Erzsébet krt. 58.', 'Budapest', NULL, 'Hungary', 'H-1073', 0.99),
  (378, 46, '2013-08-02 00:00:00', '3 Chatham Street', 'Dublin', 'Dublin', 'Ireland', NULL, 1.98),
  (379, 48, '2013-08-02 00:00:00', 'Lijnbaansgracht 120bg', 'Amsterdam', 'VV', 'Netherlands', '1016', 1.98),
  (380, 50, '2013-08-03 00:00:00', 'C/ San Bernardo 85', 'Madrid', NULL, 'Spain', '28015', 3.96),
  (381, 54, '2013-08-04 00:00:00', '110 Raeburn Pl', 'Edinburgh ', NULL, 'United Kingdom', 'EH4 1HH', 5.94),
  (382, 1, '2013-08-07 00:00:00', 'Av. Brigadeiro Faria Lima, 2170', 'São José dos Campos', 'SP', 'Brazil', '12227-000', 8.91),
  (383, 10, '2013-08-12 00:00:00', 'Rua Dr. Falcão Filho, 155', 'São Paulo', 'SP', 'Brazil', '01007-010', 13.86),
  (384, 24, '2013-08-20 00:00:00', '162 E Superior Street', 'Chicago', 'IL', 'USA', '60611', 0.99),
  (385, 25, '2013-09-02 00:00:00', '319 N. Frances Street', 'Madison', 'WI', 'USA', '53703', 1.98),
  (386, 27, '2013-09-02 00:00:00', '1033 N Park Ave', 'Tucson', 'AZ', 'USA', '85719', 1.98),
  (387, 29, '2013-09-03 00:00:00', '796 Dundas Street West', 'Toronto', 'ON', 'Canada', 'M6J 1V1', 3.96),
  (388, 33, '2013-09-04 00:00:00', '5112 48 Street', 'Yellowknife', 'NT', 'Canada', 'X1A 1N6', 5.94),
  (389, 39, '2013-09-07 00:00:00', '4, Rue Milton', 'Paris', NULL, 'France', '75009', 8.91),
  (390, 48, '2013-09-12 00:00:00', 'Lijnbaansgracht 120bg', 'Amsterdam', 'VV', 'Netherlands', '1016', 13.86),
  (391, 3, '2013-09-20 00:00:00', '1498 rue Bélanger', 'Montréal', 'QC', 'Canada', 'H2G 1A7', 0.99),
  (392, 4, '2013-10-03 00:00:00', 'Ullevålsveien 14', 'Oslo', NULL, 'Norway', '0171', 1.98),
  (393, 6, '2013-10-03 00:00:00', 'Rilská 3174/6', 'Prague', NULL, 'Czech Republic', '14300', 1.98),
  (394, 8, '2013-10-04 00:00:00', 'Grétrystraat 63', 'Brussels', NULL, 'Belgium', '1000', 3.96),
  (395, 12, '2013-10-05 00:00:00', 'Praça Pio X, 119', 'Rio de Janeiro', 'RJ', 'Brazil', '20040-020', 5.94),
  (396, 18, '2013-10-08 00:00:00', '627 Broadway', 'New York', 'NY', 'USA', '10012-2612', 8.91),
  (397, 27, '2013-10-13 00:00:00', '1033 N Park Ave', 'Tucson', 'AZ', 'USA', '85719', 13.86),
  (398, 41, '2013-10-21 00:00:00', '11, Place Bellecour', 'Lyon', NULL, 'France', '69002', 0.99),
  (399, 42, '2013-11-03 00:00:00', '9, Place Louis Barthou', 'Bordeaux', NULL, 'France', '33000', 1.98),
  (400, 44, '2013-11-03 00:00:00', 'Porthaninkatu 9', 'Helsinki', NULL, 'Finland', '00530', 1.98),
  (401, 46, '2013-11-04 00:00:00', '3 Chatham Street', 'Dublin', 'Dublin', 'Ireland', NULL, 3.96),
  (402, 50, '2013-11-05 00:00:00', 'C/ San Bernardo 85', 'Madrid', NULL, 'Spain', '28015', 5.94),
  (403, 56, '2013-11-08 00:00:00', '307 Macacha Güemes', 'Buenos Aires', NULL, 'Argentina', '1106', 8.91),
  (404, 6, '2013-11-13 00:00:00', 'Rilská 3174/6', 'Prague', NULL, 'Czech Republic', '14300', 25.86),
  (405, 20, '2013-11-21 00:00:00', '541 Del Medio Avenue', 'Mountain View', 'CA', 'USA', '94040-111', 0.99),
  (406, 21, '2013-12-04 00:00:00', '801 W 4th Street', 'Reno', 'NV', 'USA', '89503', 1.98),
  (407, 23, '2013-12-04 00:00:00', '69 Salem Street', 'Boston', 'MA', 'USA', '2113', 1.98),
  (408, 25, '2013-12-05 00:00:00', '319 N. Frances Street', 'Madison', 'WI', 'USA', '53703', 3.96),
  (409, 29, '2013-12-06 00:00:00', '796 Dundas Street West', 'Toronto', 'ON', 'Canada', 'M6J 1V1', 5.94),
  (410, 35, '2013-12-09 00:00:00', 'Rua dos Campeões Europeus de Viena, 4350', 'Porto', NULL, 'Portugal', NULL, 8.91),
  (411, 44, '2013-12-14 00:00:00', 'Porthaninkatu 9', 'Helsinki', NULL, 'Finland', '00530', 13.86),
  (412, 58, '2013-12-22 00:00:00', '12,Community Centre', 'Delhi', NULL, 'India', '110017', 1.99);
/*!40000 ALTER TABLE `Invoice`
  ENABLE KEYS */;

-- Dump dei dati della tabella Chinook.InvoiceLine: ~190 rows (circa)
/*!40000 ALTER TABLE `InvoiceLine`
  DISABLE KEYS */;
INSERT INTO `InvoiceLine` (`InvoiceLineId`, `InvoiceId`, `TrackId`, `UnitPrice`, `Quantity`) VALUES
  (1, 1, 2, 0.99, 1),
  (2, 1, 4, 0.99, 1),
  (3, 2, 6, 0.99, 1),
  (4, 2, 8, 0.99, 1),
  (5, 2, 10, 0.99, 1),
  (6, 2, 12, 0.99, 1),
  (60, 12, 331, 0.99, 1),
  (61, 12, 340, 0.99, 1),
  (62, 12, 349, 0.99, 1),
  (63, 12, 358, 0.99, 1),
  (64, 12, 367, 0.99, 1),
  (65, 12, 376, 0.99, 1),
  (66, 12, 385, 0.99, 1),
  (67, 12, 394, 0.99, 1),
  (68, 12, 403, 0.99, 1),
  (69, 12, 412, 0.99, 1),
  (70, 12, 421, 0.99, 1),
  (71, 12, 430, 0.99, 1),
  (72, 12, 439, 0.99, 1),
  (73, 12, 448, 0.99, 1),
  (121, 24, 712, 0.99, 1),
  (122, 24, 716, 0.99, 1),
  (123, 24, 720, 0.99, 1),
  (124, 24, 724, 0.99, 1),
  (125, 24, 728, 0.99, 1),
  (126, 24, 732, 0.99, 1),
  (355, 67, 2130, 0.99, 1),
  (356, 67, 2136, 0.99, 1),
  (357, 67, 2142, 0.99, 1),
  (358, 67, 2148, 0.99, 1),
  (359, 67, 2154, 0.99, 1),
  (360, 67, 2160, 0.99, 1),
  (361, 67, 2166, 0.99, 1),
  (362, 67, 2172, 0.99, 1),
  (363, 67, 2178, 0.99, 1),
  (416, 76, 2550, 0.99, 1),
  (417, 77, 2551, 0.99, 1),
  (418, 77, 2552, 0.99, 1),
  (531, 98, 3247, 1.99, 1),
  (532, 98, 3248, 1.99, 1),
  (533, 99, 3250, 1.99, 1),
  (534, 99, 3252, 1.99, 1),
  (535, 100, 3254, 0.99, 1),
  (536, 100, 3256, 0.99, 1),
  (537, 100, 3258, 0.99, 1),
  (538, 100, 3260, 0.99, 1),
  (592, 110, 76, 0.99, 1),
  (593, 110, 85, 0.99, 1),
  (594, 110, 94, 0.99, 1),
  (595, 110, 103, 0.99, 1),
  (596, 110, 112, 0.99, 1),
  (597, 110, 121, 0.99, 1),
  (598, 110, 130, 0.99, 1),
  (599, 110, 139, 0.99, 1),
  (600, 110, 148, 0.99, 1),
  (601, 110, 157, 0.99, 1),
  (602, 110, 166, 0.99, 1),
  (603, 110, 175, 0.99, 1),
  (604, 110, 184, 0.99, 1),
  (605, 110, 193, 0.99, 1),
  (649, 121, 447, 0.99, 1),
  (650, 121, 449, 0.99, 1),
  (651, 121, 451, 0.99, 1),
  (652, 121, 453, 0.99, 1),
  (653, 122, 457, 0.99, 1),
  (654, 122, 461, 0.99, 1),
  (655, 122, 465, 0.99, 1),
  (656, 122, 469, 0.99, 1),
  (657, 122, 473, 0.99, 1),
  (658, 122, 477, 0.99, 1),
  (767, 143, 1153, 0.99, 1),
  (768, 143, 1157, 0.99, 1),
  (769, 143, 1161, 0.99, 1),
  (770, 143, 1165, 0.99, 1),
  (771, 143, 1169, 0.99, 1),
  (772, 143, 1173, 0.99, 1),
  (887, 165, 1875, 0.99, 1),
  (888, 165, 1881, 0.99, 1),
  (889, 165, 1887, 0.99, 1),
  (890, 165, 1893, 0.99, 1),
  (891, 165, 1899, 0.99, 1),
  (892, 165, 1905, 0.99, 1),
  (893, 165, 1911, 0.99, 1),
  (894, 165, 1917, 0.99, 1),
  (895, 165, 1923, 0.99, 1),
  (948, 174, 2295, 0.99, 1),
  (1062, 195, 2991, 0.99, 1),
  (1063, 196, 2992, 0.99, 1),
  (1064, 196, 2993, 0.99, 1),
  (1065, 197, 2995, 0.99, 1),
  (1066, 197, 2997, 0.99, 1),
  (1124, 208, 3324, 0.99, 1),
  (1125, 208, 3333, 0.99, 1),
  (1126, 208, 3342, 1.99, 1),
  (1127, 208, 3351, 0.99, 1),
  (1128, 208, 3360, 1.99, 1),
  (1129, 208, 3369, 0.99, 1),
  (1130, 208, 3378, 0.99, 1),
  (1131, 208, 3387, 0.99, 1),
  (1132, 208, 3396, 0.99, 1),
  (1133, 208, 3405, 0.99, 1),
  (1134, 208, 3414, 0.99, 1),
  (1135, 208, 3423, 0.99, 1),
  (1136, 208, 3432, 0.99, 1),
  (1137, 208, 3441, 0.99, 1),
  (1181, 219, 192, 0.99, 1),
  (1182, 219, 194, 0.99, 1),
  (1183, 219, 196, 0.99, 1),
  (1184, 219, 198, 0.99, 1),
  (1299, 241, 898, 0.99, 1),
  (1300, 241, 902, 0.99, 1),
  (1301, 241, 906, 0.99, 1),
  (1302, 241, 910, 0.99, 1),
  (1303, 241, 914, 0.99, 1),
  (1304, 241, 918, 0.99, 1),
  (1419, 263, 1620, 0.99, 1),
  (1420, 263, 1626, 0.99, 1),
  (1421, 263, 1632, 0.99, 1),
  (1422, 263, 1638, 0.99, 1),
  (1423, 263, 1644, 0.99, 1),
  (1424, 263, 1650, 0.99, 1),
  (1425, 263, 1656, 0.99, 1),
  (1426, 263, 1662, 0.99, 1),
  (1427, 263, 1668, 0.99, 1),
  (1594, 293, 2736, 0.99, 1),
  (1595, 294, 2737, 0.99, 1),
  (1596, 294, 2738, 0.99, 1),
  (1597, 295, 2740, 0.99, 1),
  (1598, 295, 2742, 0.99, 1),
  (1656, 306, 3069, 0.99, 1),
  (1657, 306, 3078, 0.99, 1),
  (1658, 306, 3087, 0.99, 1),
  (1659, 306, 3096, 0.99, 1),
  (1660, 306, 3105, 0.99, 1),
  (1661, 306, 3114, 0.99, 1),
  (1662, 306, 3123, 0.99, 1),
  (1663, 306, 3132, 0.99, 1),
  (1664, 306, 3141, 0.99, 1),
  (1665, 306, 3150, 0.99, 1),
  (1666, 306, 3159, 0.99, 1),
  (1667, 306, 3168, 1.99, 1),
  (1668, 306, 3177, 1.99, 1),
  (1669, 306, 3186, 1.99, 1),
  (1711, 316, 3436, 0.99, 1),
  (1712, 316, 3438, 0.99, 1),
  (1713, 317, 3440, 0.99, 1),
  (1714, 317, 3442, 0.99, 1),
  (1715, 317, 3444, 0.99, 1),
  (1716, 317, 3446, 0.99, 1),
  (1770, 327, 262, 0.99, 1),
  (1771, 327, 271, 0.99, 1),
  (1772, 327, 280, 0.99, 1),
  (1773, 327, 289, 0.99, 1),
  (1774, 327, 298, 0.99, 1),
  (1775, 327, 307, 0.99, 1),
  (1776, 327, 316, 0.99, 1),
  (1777, 327, 325, 0.99, 1),
  (1778, 327, 334, 0.99, 1),
  (1779, 327, 343, 0.99, 1),
  (1780, 327, 352, 0.99, 1),
  (1781, 327, 361, 0.99, 1),
  (1782, 327, 370, 0.99, 1),
  (1783, 327, 379, 0.99, 1),
  (1831, 339, 643, 0.99, 1),
  (1832, 339, 647, 0.99, 1),
  (1833, 339, 651, 0.99, 1),
  (1834, 339, 655, 0.99, 1),
  (1835, 339, 659, 0.99, 1),
  (1836, 339, 663, 0.99, 1),
  (1951, 361, 1365, 0.99, 1),
  (1952, 361, 1371, 0.99, 1),
  (1953, 361, 1377, 0.99, 1),
  (1954, 361, 1383, 0.99, 1),
  (1955, 361, 1389, 0.99, 1),
  (1956, 361, 1395, 0.99, 1),
  (1957, 361, 1401, 0.99, 1),
  (1958, 361, 1407, 0.99, 1),
  (1959, 361, 1413, 0.99, 1),
  (2065, 382, 2061, 0.99, 1),
  (2066, 382, 2067, 0.99, 1),
  (2067, 382, 2073, 0.99, 1),
  (2068, 382, 2079, 0.99, 1),
  (2069, 382, 2085, 0.99, 1),
  (2070, 382, 2091, 0.99, 1),
  (2071, 382, 2097, 0.99, 1),
  (2072, 382, 2103, 0.99, 1),
  (2073, 382, 2109, 0.99, 1),
  (2126, 391, 2481, 0.99, 1),
  (2127, 392, 2482, 0.99, 1),
  (2128, 392, 2483, 0.99, 1);
/*!40000 ALTER TABLE `InvoiceLine`
  ENABLE KEYS */;

-- Dump dei dati della tabella Chinook.MediaType: ~5 rows (circa)
/*!40000 ALTER TABLE `MediaType`
  DISABLE KEYS */;
INSERT INTO `MediaType` (`MediaTypeId`, `Name`) VALUES
  (1, 'MPEG audio file'),
  (2, 'Protected AAC audio file'),
  (3, 'Protected MPEG-4 video file'),
  (4, 'Purchased AAC audio file'),
  (5, 'AAC audio file');
/*!40000 ALTER TABLE `MediaType`
  ENABLE KEYS */;

-- Dump dei dati della tabella Chinook.Playlist: ~18 rows (circa)
/*!40000 ALTER TABLE `Playlist`
  DISABLE KEYS */;
INSERT INTO `Playlist` (`PlaylistId`, `Name`) VALUES
  (1, 'Music'),
  (2, 'Movies'),
  (3, 'TV Shows'),
  (4, 'Audiobooks'),
  (5, '90’s Music'),
  (6, 'Audiobooks'),
  (7, 'Movies'),
  (8, 'Music'),
  (9, 'Music Videos'),
  (10, 'TV Shows'),
  (11, 'Brazilian Music'),
  (12, 'Classical'),
  (13, 'Classical 101 - Deep Cuts'),
  (14, 'Classical 101 - Next Steps'),
  (15, 'Classical 101 - The Basics'),
  (16, 'Grunge'),
  (17, 'Heavy Metal Classic'),
  (18, 'On-The-Go 1');
/*!40000 ALTER TABLE `Playlist`
  ENABLE KEYS */;

-- Dump dei dati della tabella Chinook.PlaylistTrack: ~470 rows (circa)
/*!40000 ALTER TABLE `PlaylistTrack`
  DISABLE KEYS */;
INSERT INTO `PlaylistTrack` (`PlaylistId`, `TrackId`) VALUES
  (1, 2),
  (8, 2),
  (17, 2),
  (1, 4),
  (5, 4),
  (8, 4),
  (17, 4),
  (1, 6),
  (8, 6),
  (1, 8),
  (8, 8),
  (1, 10),
  (8, 10),
  (1, 12),
  (8, 12),
  (1, 76),
  (8, 76),
  (1, 85),
  (8, 85),
  (1, 94),
  (8, 94),
  (1, 103),
  (8, 103),
  (1, 112),
  (5, 112),
  (8, 112),
  (1, 121),
  (5, 121),
  (8, 121),
  (1, 130),
  (8, 130),
  (1, 139),
  (8, 139),
  (1, 148),
  (8, 148),
  (1, 157),
  (8, 157),
  (1, 166),
  (5, 166),
  (8, 166),
  (1, 175),
  (5, 175),
  (8, 175),
  (1, 184),
  (5, 184),
  (8, 184),
  (1, 192),
  (5, 192),
  (8, 192),
  (1, 193),
  (5, 193),
  (8, 193),
  (1, 194),
  (8, 194),
  (1, 196),
  (8, 196),
  (1, 198),
  (8, 198),
  (1, 262),
  (5, 262),
  (8, 262),
  (1, 271),
  (5, 271),
  (8, 271),
  (1, 280),
  (5, 280),
  (8, 280),
  (1, 289),
  (8, 289),
  (1, 298),
  (8, 298),
  (1, 307),
  (5, 307),
  (8, 307),
  (1, 316),
  (8, 316),
  (1, 325),
  (8, 325),
  (1, 331),
  (8, 331),
  (1, 334),
  (8, 334),
  (1, 340),
  (5, 340),
  (8, 340),
  (1, 343),
  (5, 343),
  (8, 343),
  (1, 349),
  (5, 349),
  (8, 349),
  (1, 352),
  (8, 352),
  (1, 358),
  (8, 358),
  (1, 361),
  (8, 361),
  (1, 367),
  (8, 367),
  (1, 370),
  (8, 370),
  (1, 376),
  (8, 376),
  (1, 379),
  (8, 379),
  (1, 385),
  (8, 385),
  (1, 394),
  (8, 394),
  (1, 403),
  (8, 403),
  (1, 412),
  (5, 412),
  (8, 412),
  (1, 421),
  (8, 421),
  (1, 430),
  (5, 430),
  (8, 430),
  (1, 439),
  (5, 439),
  (8, 439),
  (1, 447),
  (5, 447),
  (8, 447),
  (1, 448),
  (5, 448),
  (8, 448),
  (1, 449),
  (5, 449),
  (8, 449),
  (1, 451),
  (5, 451),
  (8, 451),
  (1, 453),
  (5, 453),
  (8, 453),
  (1, 457),
  (5, 457),
  (8, 457),
  (1, 461),
  (5, 461),
  (8, 461),
  (1, 465),
  (5, 465),
  (8, 465),
  (1, 469),
  (8, 469),
  (1, 473),
  (5, 473),
  (8, 473),
  (1, 477),
  (5, 477),
  (8, 477),
  (1, 643),
  (8, 643),
  (1, 647),
  (8, 647),
  (1, 651),
  (8, 651),
  (1, 655),
  (8, 655),
  (1, 659),
  (8, 659),
  (1, 663),
  (8, 663),
  (1, 712),
  (8, 712),
  (1, 716),
  (8, 716),
  (1, 720),
  (8, 720),
  (1, 724),
  (8, 724),
  (1, 728),
  (8, 728),
  (1, 732),
  (8, 732),
  (1, 898),
  (5, 898),
  (8, 898),
  (1, 902),
  (5, 902),
  (8, 902),
  (1, 906),
  (5, 906),
  (8, 906),
  (1, 910),
  (5, 910),
  (8, 910),
  (1, 914),
  (5, 914),
  (8, 914),
  (1, 918),
  (5, 918),
  (8, 918),
  (1, 1153),
  (8, 1153),
  (1, 1157),
  (8, 1157),
  (1, 1161),
  (5, 1161),
  (8, 1161),
  (1, 1165),
  (5, 1165),
  (8, 1165),
  (1, 1169),
  (5, 1169),
  (8, 1169),
  (1, 1173),
  (5, 1173),
  (8, 1173),
  (1, 1365),
  (8, 1365),
  (1, 1371),
  (8, 1371),
  (1, 1377),
  (8, 1377),
  (1, 1383),
  (8, 1383),
  (1, 1389),
  (8, 1389),
  (1, 1395),
  (5, 1395),
  (8, 1395),
  (1, 1401),
  (5, 1401),
  (8, 1401),
  (1, 1407),
  (5, 1407),
  (8, 1407),
  (1, 1413),
  (5, 1413),
  (8, 1413),
  (1, 1620),
  (8, 1620),
  (1, 1626),
  (8, 1626),
  (1, 1632),
  (8, 1632),
  (1, 1638),
  (8, 1638),
  (1, 1644),
  (8, 1644),
  (1, 1650),
  (8, 1650),
  (1, 1656),
  (8, 1656),
  (1, 1662),
  (8, 1662),
  (1, 1668),
  (8, 1668),
  (1, 1875),
  (8, 1875),
  (1, 1881),
  (8, 1881),
  (1, 1887),
  (8, 1887),
  (1, 1893),
  (8, 1893),
  (1, 1899),
  (8, 1899),
  (1, 1905),
  (8, 1905),
  (1, 1911),
  (8, 1911),
  (1, 1917),
  (8, 1917),
  (1, 1923),
  (8, 1923),
  (1, 2061),
  (5, 2061),
  (8, 2061),
  (1, 2067),
  (8, 2067),
  (1, 2073),
  (8, 2073),
  (1, 2079),
  (8, 2079),
  (1, 2085),
  (8, 2085),
  (1, 2091),
  (8, 2091),
  (1, 2097),
  (8, 2097),
  (1, 2103),
  (8, 2103),
  (1, 2109),
  (8, 2109),
  (1, 2130),
  (5, 2130),
  (8, 2130),
  (1, 2136),
  (5, 2136),
  (8, 2136),
  (1, 2142),
  (8, 2142),
  (1, 2148),
  (8, 2148),
  (1, 2154),
  (5, 2154),
  (8, 2154),
  (1, 2160),
  (5, 2160),
  (8, 2160),
  (1, 2166),
  (8, 2166),
  (1, 2172),
  (8, 2172),
  (1, 2178),
  (8, 2178),
  (1, 2295),
  (8, 2295),
  (1, 2481),
  (8, 2481),
  (1, 2482),
  (8, 2482),
  (1, 2483),
  (8, 2483),
  (1, 2550),
  (5, 2550),
  (8, 2550),
  (16, 2550),
  (1, 2551),
  (5, 2551),
  (8, 2551),
  (1, 2552),
  (5, 2552),
  (8, 2552),
  (1, 2736),
  (8, 2736),
  (1, 2737),
  (8, 2737),
  (1, 2738),
  (8, 2738),
  (1, 2740),
  (8, 2740),
  (1, 2742),
  (8, 2742),
  (1, 2991),
  (8, 2991),
  (1, 2992),
  (8, 2992),
  (1, 2993),
  (8, 2993),
  (1, 2995),
  (8, 2995),
  (1, 2997),
  (8, 2997),
  (1, 3069),
  (8, 3069),
  (1, 3078),
  (5, 3078),
  (8, 3078),
  (1, 3087),
  (8, 3087),
  (1, 3096),
  (5, 3096),
  (8, 3096),
  (1, 3105),
  (8, 3105),
  (1, 3114),
  (8, 3114),
  (1, 3123),
  (8, 3123),
  (1, 3132),
  (5, 3132),
  (8, 3132),
  (1, 3141),
  (5, 3141),
  (8, 3141),
  (1, 3150),
  (5, 3150),
  (8, 3150),
  (1, 3159),
  (5, 3159),
  (8, 3159),
  (3, 3168),
  (10, 3168),
  (3, 3177),
  (10, 3177),
  (3, 3186),
  (10, 3186),
  (3, 3247),
  (10, 3247),
  (3, 3248),
  (10, 3248),
  (3, 3250),
  (10, 3250),
  (3, 3252),
  (10, 3252),
  (1, 3254),
  (8, 3254),
  (1, 3256),
  (8, 3256),
  (1, 3258),
  (8, 3258),
  (1, 3260),
  (8, 3260),
  (1, 3324),
  (8, 3324),
  (1, 3333),
  (8, 3333),
  (3, 3342),
  (10, 3342),
  (1, 3351),
  (5, 3351),
  (8, 3351),
  (3, 3360),
  (10, 3360),
  (1, 3369),
  (5, 3369),
  (8, 3369),
  (1, 3378),
  (8, 3378),
  (1, 3387),
  (8, 3387),
  (1, 3396),
  (8, 3396),
  (1, 3405),
  (8, 3405),
  (12, 3405),
  (15, 3405),
  (1, 3414),
  (8, 3414),
  (12, 3414),
  (15, 3414),
  (1, 3423),
  (5, 3423),
  (8, 3423),
  (12, 3423),
  (15, 3423),
  (1, 3432),
  (5, 3432),
  (8, 3432),
  (12, 3432),
  (14, 3432),
  (1, 3436),
  (5, 3436),
  (8, 3436),
  (12, 3436),
  (14, 3436),
  (1, 3438),
  (5, 3438),
  (8, 3438),
  (12, 3438),
  (14, 3438),
  (1, 3440),
  (8, 3440),
  (12, 3440),
  (14, 3440),
  (1, 3441),
  (8, 3441),
  (12, 3441),
  (14, 3441),
  (1, 3442),
  (5, 3442),
  (8, 3442),
  (12, 3442),
  (14, 3442),
  (1, 3444),
  (5, 3444),
  (8, 3444),
  (12, 3444),
  (14, 3444),
  (1, 3446),
  (5, 3446),
  (8, 3446),
  (12, 3446),
  (14, 3446);
/*!40000 ALTER TABLE `PlaylistTrack`
  ENABLE KEYS */;

-- Dump dei dati della tabella Chinook.Track: ~190 rows (circa)
/*!40000 ALTER TABLE `Track`
  DISABLE KEYS */;
INSERT INTO `Track` (`TrackId`, `Name`, `AlbumId`, `MediaTypeId`, `GenreId`, `Composer`, `Milliseconds`, `Bytes`, `UnitPrice`)
VALUES
  (2, 'Balls to the Wall', 2, 2, 1, NULL, 342562, 5510424, 0.99),
  (4, 'Restless and Wild', 3, 2, 1, 'F. Baltes, R.A. Smith-Diesel, S. Kaufman, U. Dirkscneider & W. Hoffman', 252051, 4331779, 0.99),
  (6, 'Put The Finger On You', 1, 1, 1, 'Angus Young, Malcolm Young, Brian Johnson', 205662, 6713451, 0.99),
  (8, 'Inject The Venom', 1, 1, 1, 'Angus Young, Malcolm Young, Brian Johnson', 210834, 6852860, 0.99),
  (10, 'Evil Walks', 1, 1, 1, 'Angus Young, Malcolm Young, Brian Johnson', 263497, 8611245, 0.99),
  (12, 'Breaking The Rules', 1, 1, 1, 'Angus Young, Malcolm Young, Brian Johnson', 263288, 8596840, 0.99),
  (76, 'Canta, Canta Mais', 8, 1, 2, NULL, 271856, 8719426, 0.99),
  (85, 'Cochise', 10, 1, 1, 'Audioslave/Chris Cornell', 222380, 5339931, 0.99),
  (94, 'Hypnotize', 10, 1, 1, 'Audioslave/Chris Cornell', 206628, 4961887, 0.99),
  (103, 'Drown Me Slowly', 11, 1, 4, 'Cornell, Commerford, Morello, Wilk', 233691, 7609178, 0.99),
  (112, 'Long Tall Sally', 12, 1, 5, 'Enotris Johnson/Little Richard/Robert "Bumps" Blackwell', 106396, 1707084, 0.99),
  (121, 'Good Golly Miss Molly', 12, 1, 5, 'Little Richard', 106266, 1704918, 0.99),
  (130, 'Do what cha wanna', 13, 1, 2, 'George Duke', 274155, 9018565, 0.99),
  (139, 'A.N.D.R.O.T.A.Z.', 14, 1, 3, NULL, 266266, 8574746, 0.99),
  (148, 'The Beginning...At Last', 15, 1, 3, NULL, 271960, 8975814, 0.99),
  (157, 'Tomorrow''s Dream', 17, 1, 3, 'Tony Iommi, Bill Ward, Geezer Butler, Ozzy Osbourne', 192496, 6252071, 0.99),
  (166, 'Smoked Pork', 18, 1, 4, NULL, 47333, 1549074, 0.99),
  (175, 'Voodoo', 18, 1, 4, NULL, 300721, 9875962, 0.99),
  (184, 'Chemical Wedding', 19, 1, 3, 'Roy Z', 246177, 8022764, 0.99),
  (192, 'The Alchemist', 19, 1, 3, 'Roy Z', 509413, 16545657, 0.99),
  (193, 'Realword', 19, 1, 3, 'Roy Z', 237531, 7802095, 0.99),
  (194, 'First Time I Met The Blues', 20, 1, 6, 'Eurreal Montgomery', 140434, 4604995, 0.99),
  (196, 'Stone Crazy', 20, 1, 6, 'Buddy Guy', 433397, 14184984, 0.99),
  (198, 'When My Left Eye Jumps', 20, 1, 6, 'Al Perkins/Willie Dixon', 235311, 7685363, 0.99),
  (262, 'Interlude Zumbi', 24, 1, 7, 'Chico Science', 71627, 2408550, 0.99),
  (271, 'Rios Pontes & Overdrives', 25, 1, 7, NULL, 286720, 9659152, 0.99),
  (280, 'Lixo Do Mangue', 25, 1, 7, NULL, 193253, 6534200, 0.99),
  (289, 'Podes Crer', 26, 1, 8, 'Bino Farias/Da Gama/Lazão/Toni Garrido', 232280, 7747747, 0.99),
  (298, 'A Cor Do Sol', 26, 1, 8, 'Bernardo Vilhena/Da Gama/Lazão', 231392, 7663348, 0.99),
  (307, 'Doutor', 27, 1, 8, 'Bino/Da Gama/Toni Garrido', 178155, 5950952, 0.99),
  (316, 'Linha Do Equador', 28, 1, 7, NULL, 244715, 8123466, 0.99),
  (325, 'TriboTchan', 29, 1, 9, 'Cal Adan/Paulo Levi', 194194, 6507950, 0.99),
  (331, 'Lavadeira', 29, 1, 9, 'Do Vale, Valverde/Gal Oliveira/Luciano Pinto', 214256, 7254147, 0.99),
  (334, 'Reggae Tchan', 29, 1, 9, 'Cal Adan/Del Rey, Tension/Edu Casanova', 206654, 6931328, 0.99),
  (340, 'Dazed and Confused', 30, 1, 1, 'Jimmy Page', 401920, 13035765, 0.99),
  (343, 'Communication Breakdown(2)', 30, 1, 1, 'Jimmy Page/John Bonham/John Paul Jones', 161149, 5261022, 0.99),
  (349, 'You Shook Me(2)', 30, 1, 1, 'J B Lenoir/Willie Dixon', 619467, 20138673, 0.99),
  (352, 'Carolina Hard-Core Ecstasy', 31, 1, 1, 'Frank Zappa', 359680, 11731061, 0.99),
  (358, 'Man With The Woman Head', 31, 1, 1, 'Don Van Vliet', 88894, 2922044, 0.99),
  (361, 'X-9 2001', 32, 1, 10, NULL, 273920, 9310370, 0.99),
  (367, 'Leandro De Itaquera 2001', 32, 1, 10, NULL, 274808, 9451845, 0.99),
  (370, 'Ipiranga 2001', 32, 1, 10, NULL, 248293, 8522591, 0.99),
  (376, 'Vôo Sobre o Horizonte', 33, 1, 7, 'J.r.Bertami/Parana', 225097, 7528825, 0.99),
  (379, 'Água de Beber', 33, 1, 7, 'Antonio Carlos Jobim/Vinicius de Moraes', 146677, 4866476, 0.99),
  (385, 'All Star', 33, 1, 7, 'Nando Reis', 176326, 5891697, 0.99),
  (394, 'Tanto Tempo', 34, 1, 7, 'Vários', 170292, 5572240, 0.99),
  (403, 'Bumbo Da Mangueira', 34, 1, 7, 'Vários', 270158, 9073350, 0.99),
  (412, 'Die Die My Darling', 35, 1, 3, 'Danzig', 149315, 4867667, 0.99),
  (421, 'Radio GA GA', 36, 1, 1, 'Roger Taylor', 343745, 11358573, 0.99),
  (430, 'I''m Going Slightly Mad', 36, 1, 1, 'Queen', 248032, 8192339, 0.99),
  (439, 'Sure Know Something', 37, 1, 1, 'Paul Stanley, Vincent Poncia', 242468, 7939886, 0.99),
  (447, 'Shout It Out Loud', 37, 1, 1, 'Paul Stanley, Gene Simmons, B. Ezrin', 219742, 7194424, 0.99),
  (448, 'God Of Thunder', 37, 1, 1, 'Paul Stanley', 255791, 8309077, 0.99),
  (449, 'Calling Dr. Love', 37, 1, 1, 'Gene Simmons', 225332, 7395034, 0.99),
  (451, 'Strutter', 37, 1, 1, 'Paul Stanley, Gene Simmons', 192496, 6317021, 0.99),
  (453, 'Cold Gin', 37, 1, 1, 'Ace Frehley', 262243, 8609783, 0.99),
  (457, 'De La Luz', 38, 1, 2, NULL, 315219, 10518284, 0.99),
  (461, 'Surrender', 38, 1, 2, NULL, 287634, 9422926, 0.99),
  (465, 'When Evening Falls', 38, 1, 2, NULL, 298135, 9863942, 0.99),
  (469, 'Poprocks And Coke', 39, 1, 4, 'Billie Joe Armstrong -Words Green Day -Music', 158354, 5243078, 0.99),
  (473, 'When I Come Around', 39, 1, 4, 'Billie Joe Armstrong -Words Green Day -Music', 178364, 5839426, 0.99),
  (477, 'Brain Stew', 39, 1, 4, 'Billie Joe Armstrong -Words Green Day -Music', 193149, 6305550, 0.99),
  (643, 'Jungle Drums', 51, 1, 2, NULL, 199627, 6546063, 0.99),
  (647, 'Pot-Pourri N.º 4', 52, 1, 11, NULL, 392437, 13125975, 0.99),
  (651, 'Pot-Pourri N.º 5', 52, 1, 11, NULL, 219898, 7117769, 0.99),
  (655, 'Por Que Será', 52, 1, 11, NULL, 162142, 5371483, 0.99),
  (659, 'Samba Em Prelúdio', 52, 1, 11, NULL, 212636, 6923473, 0.99),
  (663, 'Chão de Giz (Elba Ramalho)', 53, 1, 7, NULL, 274834, 9016916, 0.99),
  (712, 'Born To Move', 55, 1, 1, 'J.C. Fogerty', 342804, 11260814, 0.99),
  (716, 'Brasil', 56, 1, 7, NULL, 243696, 7911683, 0.99),
  (720, 'Coroné Antonio Bento', 56, 1, 7, NULL, 200437, 6713066, 0.99),
  (724, 'Música Urbana 2', 56, 1, 7, NULL, 194899, 6383472, 0.99),
  (728, 'Woman Is The Nigger Of The World (Ao Vivo)', 56, 1, 7, NULL, 298919, 9724145, 0.99),
  (732, 'Smells Like Teen Spirit (Ao Vivo)', 57, 1, 7, NULL, 316865, 10384506, 0.99),
  (898, 'Bell Bottom Blues', 72, 1, 6, 'Clapton', 304744, 9946681, 0.99),
  (902, 'Swing Low Sweet Chariot', 72, 1, 6, 'Clapton/Trad. Arr. Clapton', 208143, 6896288, 0.99),
  (906, 'Let It Grow', 72, 1, 6, 'Clapton', 297064, 9742568, 0.99),
  (910, 'Before You Accuse Me', 73, 1, 6, 'Eugene McDaniel', 224339, 7456807, 0.99),
  (914, 'Nobody Knows You When You''re Down & Out', 73, 1, 6, 'Jimmy Cox', 231836, 7669922, 0.99),
  (918, 'Alberta', 73, 1, 6, 'Traditional', 222406, 7412975, 0.99),
  (1153, 'Think About You', 90, 2, 1, NULL, 231640, 3860275, 0.99),
  (1157, 'Rocket Queen', 90, 2, 1, NULL, 375349, 6185539, 0.99),
  (1161, 'Don''t Cry (Original)', 91, 2, 1, NULL, 284744, 4833259, 0.99),
  (1165, 'Back off Bitch', 91, 2, 1, NULL, 303436, 5135662, 0.99),
  (1169, 'Garden of Eden', 91, 2, 1, NULL, 161539, 2839694, 0.99),
  (1173, 'Coma', 91, 2, 1, NULL, 616511, 10201342, 0.99),
  (1365, 'Fear Of The Dark', 109, 1, 1, 'Steve Harris', 460695, 18430080, 0.99),
  (1371, 'Moonchild', 110, 1, 3, 'Adrian Smith; Bruce Dickinson', 340767, 8179151, 0.99),
  (1377, 'The Clairvoyant', 110, 1, 3, 'Adrian Smith; Bruce Dickinson; Steve Harris', 267023, 6411510, 0.99),
  (1383, 'Stranger in a Strange Land', 111, 1, 3, 'Adrian Smith', 344502, 8270899, 0.99),
  (1389, 'Gangland', 112, 1, 3, 'Adrian Smith/Clive Burr/Steve Harris', 228440, 3202866, 0.99),
  (1395, 'Sign Of The Cross', 113, 1, 1, 'Steve Harris', 678008, 27121792, 0.99),
  (1401, 'Judgement Of Heaven', 113, 1, 1, 'Steve Harris', 312476, 12501120, 0.99),
  (1407, 'The Angel And The Gambler', 114, 1, 1, 'Steve Harris', 592744, 23711872, 0.99),
  (1413, 'Como Estais Amigos', 114, 1, 1, 'Blaze Bayley/Janick Gers', 330292, 13213824, 0.99),
  (1620, 'You Shook Me', 132, 1, 1, 'J. B. Lenoir/Willie Dixon', 388179, 12643067, 0.99),
  (1626, 'How Many More Times', 132, 1, 1, 'Jimmy Page/John Bonham/John Paul Jones', 508055, 16541364, 0.99),
  (1632, 'Living Loving Maid (She''s Just A Woman)', 133, 1, 1, 'Jimmy Page, Robert Plant', 159216, 5219819, 0.99),
  (1638, 'Celebration Day', 134, 1, 1, 'Jimmy Page, Robert Plant, John Paul Jones', 209528, 6871078, 0.99),
  (1644, 'Bron-Y-Aur Stomp', 134, 1, 1, 'Jimmy Page, Robert Plant, John Paul Jones', 259500, 8674508, 0.99),
  (1650, 'Night Flight', 135, 1, 1, 'John Paul Jones/Robert Plant', 217547, 7160647, 0.99),
  (1656, 'For Your Life', 136, 1, 1, 'Jimmy Page/Robert Plant', 384391, 12633382, 0.99),
  (1662, 'Rock & Roll', 137, 1, 1, 'John Bonham/John Paul Jones/Robert Plant', 242442, 7897065, 0.99),
  (1668, 'Stairway To Heaven', 138, 1, 1, 'Robert Plant', 657293, 21354766, 0.99),
  (1875, 'Ride The Lightning', 154, 1, 3, 'Metallica', 397740, 13055884, 0.99),
  (1881, 'The Call Of Ktulu', 154, 1, 3, 'Metallica', 534883, 17486240, 0.99),
  (1887, 'My World', 155, 1, 3, 'Bob Rock/James Hetfield/Kirk Hammett/Lars Ulrich', 345626, 11253756, 0.99),
  (1893, 'Blackened', 156, 1, 3, 'James Hetfield, Lars Ulrich & Jason Newsted', 403382, 13254874, 0.99),
  (1899, 'The Frayed Ends Of Sanity', 156, 1, 3, 'James Hetfield, Lars Ulrich and Kirk Hammett', 464039, 15198986, 0.99),
  (1905, 'My Ship', 157, 1, 2, 'Ira Gershwin, Kurt Weill', 268016, 8581144, 0.99),
  (1911, 'I Don''t Wanna Be Kissed (By Anyone But You)', 157, 1, 2, 'H. Spina, J. Elliott', 191320, 6219487, 0.99),
  (1917, 'A Noite Do Meu Bem', 158, 1, 7, 'Dolores Duran', 220081, 7125225, 0.99),
  (1923, 'Brasil', 158, 1, 7, 'Milton Nascimento, Fernando Brant', 155428, 5252560, 0.99),
  (2061, 'Vamo Batê Lata', 167, 1, 7, 'Herbert Vianna', 228754, 7585707, 0.99),
  (2067, 'Mensagen De Amor (2000)', 168, 1, 7, 'Herbert Vianna', 183588, 6061324, 0.99),
  (2073, 'Saber Amar', 168, 1, 7, 'Herbert Vianna', 202788, 6723733, 0.99),
  (2079, 'Cinema Mudo', 169, 1, 7, NULL, 227918, 7612168, 0.99),
  (2085, 'Meu Erro', 169, 1, 7, NULL, 208431, 6893533, 0.99),
  (2091, 'Será Que Vai Chover?', 169, 1, 7, NULL, 337057, 11133830, 0.99),
  (2097, 'Mama, I''m Coming Home', 173, 2, 1, 'L. Kilmister, O. Osbourne & Z. Wylde', 251586, 4302390, 0.99),
  (2103, 'Flying High Again', 174, 1, 3, 'O. Osbourne, R. Daisley, R. Rhoads, L. Kerslake', 261224, 8481822, 0.99),
  (2109, 'Paranoid', 174, 1, 3, 'A. F. Iommi, W. Ward, T. Butler, J. Osbourne', 176352, 5729813, 0.99),
  (2130, 'Beach Sequence', 176, 1, 10, 'Brian Eno, Bono, Adam Clayton, The Edge & Larry Mullen Jnr.', 212297, 6928259, 0.99),
  (2136, 'Plot 180', 176, 1, 10, 'Brian Eno, Bono, Adam Clayton, The Edge & Larry Mullen Jnr.', 221596, 7253729, 0.99),
  (2142, 'Murders In The Rue Morgue', 177, 1, 1, 'Steve Harris', 258638, 8360999, 0.99),
  (2148, 'Iron Maiden', 177, 1, 1, 'Steve Harris', 235232, 7600077, 0.99),
  (2154, 'Untitled', 178, 1, 1, 'Pearl Jam', 122801, 3957141, 0.99),
  (2160, 'Nothingman', 178, 1, 1, 'Jeff Ament & Eddie Vedder', 278595, 9107017, 0.99),
  (2166, 'World Wide Suicide', 179, 1, 4, 'Eddie Vedder', 209188, 6885908, 0.99),
  (2172, 'Big Wave', 179, 1, 4, 'Jeff Ament', 178573, 5858788, 0.99),
  (2178, 'Can''t Keep', 180, 1, 1, 'Eddie Vedder', 219428, 7215713, 0.99),
  (2295, 'Untitled', 188, 1, 4, 'Bill Berry-Peter Buck-Mike Mills-Michael Stipe', 191503, 6332426, 0.99),
  (2481, 'Waiting', 201, 1, 4, 'Billy Corgan', 228336, 7627641, 0.99),
  (2482, 'Saturnine', 201, 1, 4, 'Billy Corgan', 229877, 7523502, 0.99),
  (2483, 'Rock On', 201, 1, 4, 'David Cook', 366471, 12133825, 0.99),
  (2550, 'Plush', 206, 1, 1, 'R. DeLeo/Weiland', 314017, 10229848, 0.99),
  (2551, 'Wet My Bed', 206, 1, 1, 'R. DeLeo/Weiland', 96914, 3198627, 0.99),
  (2552, 'Crackerman', 206, 1, 1, 'Kretz/R. DeLeo/Weiland', 194403, 6317361, 0.99),
  (2736, 'Boris The Spider', 221, 1, 1, 'John Entwistle', 149472, 4835202, 0.99),
  (2737, 'Happy Jack', 221, 1, 1, 'Pete Townshend', 132310, 4353063, 0.99),
  (2738, 'Pictures Of Lily', 221, 1, 1, 'Pete Townshend', 164414, 5329751, 0.99),
  (2740, 'Magic Bus', 221, 1, 1, 'Pete Townshend', 197224, 6452700, 0.99),
  (2742, 'The Seeker', 221, 1, 1, 'Pete Townshend', 204643, 6736866, 0.99),
  (2991, 'All Along The Watchtower', 237, 1, 1, 'Dylan, Bob', 264568, 8623572, 0.99),
  (2992, 'I Still Haven''t Found What I''m Looking for', 237, 1, 1, 'Bono/Clayton, Adam/Mullen Jr., Larry/The Edge', 353567, 11542247, 0.99),
  (2993, 'Freedom For My People', 237, 1, 1, 'Mabins, Macie/Magee, Sterling/Robinson, Bobby', 38164, 1249764, 0.99),
  (2995, 'Pride (In The Name Of Love)', 237, 1, 1, 'Bono/Clayton, Adam/Mullen Jr., Larry/The Edge', 267807, 8806361, 0.99),
  (2997, 'Love Rescue Me', 237, 1, 1, 'Bono/Clayton, Adam/Dylan, Bob/Mullen Jr., Larry/The Edge', 384522, 12508716, 0.99),
  (3069, 'Unchained', 243, 1, 1, 'Edward Van Halen, Alex Van Halen, David Lee Roth, Michael Anthony', 208953, 6777078, 0.99),
  (3078, 'Humans Being', 243, 1, 1, 'Edward Van Halen, Alex Van Halen, Michael Anthony,/Edward Van Halen, Alex Van Halen, Michael Anthony, Sammy Hagar', 308950, 10014683, 0.99),
  (3087, 'Atomic Punk', 244, 1, 1, 'Edward Van Halen, Alex Van Halen, Michael Anthony and David Lee Roth', 182073, 5908861, 0.99),
  (3096, 'Dirty Water Dog', 245, 1, 1, 'Van Halen', 327392, 10709202, 0.99),
  (3105, 'Do It For The Kids', 246, 1, 1, 'Dave Kushner, Duff, Matt Sorum, Scott Weiland & Slash', 235911, 7693331, 0.99),
  (3114, 'Slither', 246, 1, 1, 'Dave Kushner, Duff, Matt Sorum, Scott Weiland & Slash', 248398, 8118785, 0.99),
  (3123, 'Samba Pra Endrigo', 247, 1, 7, NULL, 259265, 8823551, 0.99),
  (3132, 'Still Of The Night', 141, 1, 3, 'Sykes', 398210, 13043817, 0.99),
  (3141, 'You''re Gonna Break My Hart Again', 141, 1, 3, 'Sykes', 250853, 8176847, 0.99),
  (3150, 'Coração Em Desalinho', 248, 1, 7, 'Mauro Diniz/Ratino Sigem', 185208, 6225948, 0.99),
  (3159, 'Camarão que Dorme e Onda Leva', 248, 1, 7, 'Acyi Marques/Arlindo Bruz/Braço, Beto Sem/Zeca Pagodinho', 299102, 10012231, 0.99),
  (3168, 'The Hard Part', 228, 3, 21, NULL, 2601017, 475996611, 1.99),
  (3177, 'Hot Girl', 249, 3, 19, NULL, 1325458, 267836576, 1.99),
  (3186, 'Email Surveillance', 250, 3, 19, NULL, 1328870, 265101113, 1.99),
  (3247, 'Experiment In Terra', 253, 3, 20, NULL, 2923548, 547982556, 1.99),
  (3248, 'Take the Celestra', 253, 3, 20, NULL, 2927677, 512381289, 1.99),
  (3250, 'Pilot', 254, 3, 19, NULL, 2484567, 492670102, 1.99),
  (3252, 'Through the Looking Glass, Pt. 1', 229, 3, 21, NULL, 2610860, 493211809, 1.99),
  (3254, '#9 Dream', 255, 2, 9, NULL, 278312, 4506425, 0.99),
  (3256, 'Give Peace a Chance', 255, 2, 9, NULL, 274644, 4448025, 0.99),
  (3258, 'Whatever Gets You Thru the Night', 255, 2, 9, NULL, 215084, 3499018, 0.99),
  (3260, 'Gimme Some Truth', 255, 2, 9, NULL, 232778, 3780807, 0.99),
  (3324, 'Um Lugar ao Sol', 259, 1, 15, NULL, 212323, 8495217, 0.99),
  (3333, 'Chega no Suingue', 259, 1, 15, NULL, 221805, 8874509, 0.99),
  (3342, 'The Economist', 261, 3, 21, NULL, 2609025, 516934914, 1.99),
  (3351, 'Din Din Wo (Little Child)', 263, 5, 16, 'Habib Koité', 285837, 4615841, 0.99),
  (3360, 'Something Nice Back Home', 261, 3, 21, NULL, 2612779, 484711353, 1.99),
  (3369, 'Call Me a Dog', 269, 2, 23, NULL, 304458, 5177612, 0.99),
  (3378, 'Safe and Sound', 270, 2, 23, 'Chris Cornell', 256764, 4207769, 0.99),
  (3387, 'Disappearing Act', 270, 2, 23, 'Chris Cornell', 273320, 4476203, 0.99),
  (3396, 'Shape of Things to Come', 271, 2, 23, NULL, 274597, 4465399, 0.99),
  (3405, 'Canon and Gigue in D Major: I. Canon', 274, 2, 24, 'Johann Pachelbel', 271788, 4438393, 0.99),
  (3414, 'Symphony No. 104 in D Major "London": IV. Finale: Spiritoso', 283, 4, 24, 'Franz Joseph Haydn', 306687, 10085867, 0.99),
  (3423, 'Jupiter, the Bringer of Jollity', 292, 2, 24, 'Gustav Holst', 522099, 8547876, 0.99),
  (3432, 'Scheherazade, Op. 35: I. The Sea and Sindbad''s Ship', 299, 2, 24,
   'Nikolai Rimsky-Korsakov', 545203, 8916313, 0.99),
  (3436, 'Karelia Suite, Op.11: 2. Ballade (Tempo Di Menuetto)', 303, 2, 24, 'Jean Sibelius',
   406000, 5908455, 0.99),
  (3438, 'Fantasia On Greensleeves', 280, 2, 24, 'Ralph Vaughan Williams', 268066, 4513190, 0.99),
  (3440, 'Concerto for Cello and Orchestra in E minor, Op. 85: I. Adagio - Moderato', 306, 2, 24,
   'Edward Elgar', 483133, 7865479, 0.99),
  (3441, 'Two Fanfares for Orchestra: II. Short Ride in a Fast Machine', 307, 2, 24, 'John Adams',
   254930, 4310896, 0.99),
  (3442, 'Wellington''s Victory or the Battle Symphony, Op.91: 2. Symphony of Triumph', 308, 2, 24,
   'Ludwig van Beethoven', 412000, 6965201, 0.99),
  (3444, 'Romeo et Juliette: No. 11 - Danse des Chevaliers', 310, 2, 24, NULL, 275015, 4519239,
   0.99),
  (3446, 'Symphonie Fantastique, Op. 14: V. Songe d''une nuit du sabbat', 312, 2, 24,
   'Hector Berlioz', 561967, 9173344, 0.99);
/*!40000 ALTER TABLE `Track`
  ENABLE KEYS */;

/*!40101 SET SQL_MODE = IFNULL(@OLD_SQL_MODE, '') */;
/*!40014 SET FOREIGN_KEY_CHECKS = IF(@OLD_FOREIGN_KEY_CHECKS IS NULL, 1,
                                     @OLD_FOREIGN_KEY_CHECKS) */;
/*!40101 SET CHARACTER_SET_CLIENT = @OLD_CHARACTER_SET_CLIENT */;
